external_id,title,text,topic,topic_score
896b18c1-0ea7-4720-8792-b19eb5cba223,Brandkatastrophe in der Schweiz: MHH nimmt Opfer auf,"Nach dem Brand in einer Bar in der Schweiz geht die Polizei von 40 Toten und mehr als 100 Verletzten aus. Ein Opfer ist nach Hannover gebracht worden.

Nach Informationen des NDR Niedersachsen hat die Medizinische Hochschule Hannover (MHH) nach dem verheerenden Feuer in dem Schweizer Skiort Crans-Montana einen Patienten zur Behandlung aufgenommen. Zuerst hatte die ""Hannoversche Allgemeine Zeitung"" berichtet. Der Zeitung liegen demnach Informationen vor, dass es sich bei dem Opfer um eine ""Frau mit schwersten Brandverletzungen"" handelt. Eine Sprecherin der MHH erklärte, dass die Klinik für Patienten mit Brandverletzungen ausgestattet sei und für die Aufnahme solcher Fälle bereitstehe. ""Im konkreten Fall nehmen wir Patientinnen und Patienten auf"", sagte die Sprecherin am Samstag. Allerdings mache die MHH bei weniger als fünf Personen keine personenbezogenen Angaben.

Schwerverletzte per ""Kleeblattmechanismus"" an Kliniken verteilt

Das Bundesamt für Bevölkerungsschutz und Katastrophenhilfe hatte am Freitag mitgeteilt, dass Deutschland nach dem Brand in der Schweiz schwerverletzte Patientinnen und Patienten aufnimmt. Sie werden den Angaben zufolge nach dem sogenannten Kleeblattmechanis",Infrastruktur,0.40686196
2b6c8093-8b95-4763-a4e5-655ecd060c41,Ex-Partnerin aus Rache ermordet? Angeklagter schweigt,"In Verden hat die Hauptverhandlung gegen einen Mann begonnen, der seine Ex-Partnerin auf einem Supermarktparkplatz in Nienburg erstochen haben soll. Die Staatsanwaltschaft wirft dem 34-Jährigen Mord vor.

Der Angeklagte schwieg am Mittwoch vor Gericht. Er soll seiner früheren Freundin nach der Trennung mit dem Tod gedroht haben. Die Staatsanwaltschaft ist überzeugt, dass er seine Pläne in die Tat umsetzte. Da sich die Frau weigerte, zu ihm zurückzukommen, habe er sie im Mai 2025 auf einem Supermarktparkplatz in Nienburg an der Weser abgepasst. Die fünffache Mutter versuchte den Angaben zufolge zu fliehen, aber der Mann holte sie ein und griff sie an. Mehrere Messerstichen sollen sie tödlich in Oberkörper und Kopf getroffen haben - vor den Augen ihres Sohnes und ihrer zehnjährigen Tochter. Der heute 19 Jahre alte Sohn versuchte laut Anklage, den Angreifer zu stoppen, jedoch ohne Erfolg. Zuvor hieß es offenbar fälschlicherweise in einer schriftlichen Mitteilung des Landgerichts Verden, der Bruder habe versucht, den Angreifer aufzuhalten.

Zuvor Zweifel an Schuldfähigkeit des Mannes

Vor dem nun gestarteten Strafprozess hatte ein psychiatrischer Sachverständiger in seinem Zwischenguta",Innere_Sicherheit,0.4384688
ea58a5c5-b65c-4241-944a-e4f97063235a,"""Haus Demmin"": Stadt steckt 180.000 Euro in die Sanierung","An dem Herrenhaus aus dem 19. Jahrhundert sollen unter anderem Mauern und das Dach repariert werden.

Das ""Haus Demmin"" (Landkreis Mecklenburgische Seenplatte) soll gegen weiteren Verfall gesichert werden. Die Stadt will für etwa 180.000 Euro Mauern reparieren, mit Blechabdeckungen das Eindringen von Wasser verhindern, herausgebrochene Ziegel ersetzen und Stützbalken erneuern. Das marode Herrenhaus aus dem 19. Jahrhundert steht auf einer Insel an der Mündung der Tollense in die Peene. Dazu gehören auch Reste einer mittelalterlichen Burgruine, die als ältestes Gebäude Pommerns gilt.",Infrastruktur,0.4093306
354617aa-34c8-42d2-b581-b1cc8238e889,A7 bleibt Stauschwerpunkt: So lange standen Autofahrer in SH im Stau,"Im vergangenen Jahr hat sich die Zeit, die Menschen in Schleswig-Holstein im Stau standen, laut ADAC-Staubilanz verdoppelt. Besonders betroffen war die A7. Eine Entspannung ist nicht in Sicht.

Im nördlichsten Bundesland standen Autofahrer 2025 insgesamt etwa 13.800 Stunden und damit 576 Tage im Stau. Umgerechnet herrschte für zusammengerechnet 1,6 Jahre Stillstand auf den Autobahnen - das sind 50 Prozent mehr als im Jahr zuvor. Der ADAC zählt in seiner aktuellen Staubilanz im vergangenen Jahr 11.196 Staus in Schleswig-Holstein mit einer Gesamtlänge von rund 20.700 Kilometern - das entspricht einer halben Runde um die Erde.

Die A7 bleibt Stau-Schwerpunkt

Besonders betroffen war die A7 zwischen Flensburg und Hamburg mit den längsten und zeitintensivsten Staus. Den längsten Stau gab es an einem Sonnabend im Oktober zwischen dem Dreieck Bordesholm und dem Grenzübergang Ellund: 37 Kilometer mussten sich Reisende damals über die Autobahn quälen.

Der längste Stau nach Dauer wurde ebenfalls auf der A7 Richtung Hamburg zwischen Warder und Großenaspe registriert: Knapp 16 Stunden staute es sich auf der Autobahn.

Weitere staureiche Autobahnen waren die A1 zwischen Heiligenhafen, Lübeck u",Infrastruktur,0.4232489
ba64d811-ed4e-45fa-aac4-a12a0aaaea59,Kommt die Wende beim Wohnungsbau?,"In Deutschland fehlen bezahlbare Wohnungen - vor allem für jüngere und ältere Menschen. Nun gibt es erste Hoffnungsschimmer: mehr Baugenehmigungen. Bringt das die Wende?

Von Hans-Joachim Vieweger, ARD-Hauptstadtstudio

Seit Jahren schrumpft der Wohnungsbau. 400.000 neue Wohnungen pro Jahr hatte sich die frühere Ampel-Regierung vorgenommen. Fertiggestellt wurden von Jahr zu Jahr aber immer weniger: 2024 waren es noch rund 250.000 neue Wohnungen, 2025 könnte die Zahl Branchenbeobachtern zufolge auf 210.000 bis 230.000 gefallen sein. Angesichts der Zuwanderung zum Beispiel aus der Ukraine haben sich die Probleme auf dem Wohnungsmarkt damit verschärft.

Ifo-Experte sieht ""Silberstreif am Horizont""

Doch es gibt positive Signale: So steigt die Zahl der Baugenehmigungen seit Mitte 2025 wieder an. Und zuletzt meldete die Baubranche einen höheren Auftragseingang gerade auch aus dem sogenannten Hochbau, zu dem der Wohnungsbau gehört. Branchenkenner Klaus Wohlrabe vom Münchner ifo-Institut spricht denn auch von einem ""Silberstreif am Horizont"" - die Talsohle im Wohnungsbau dürfte durchschritten sein.

Allerdings zeigen die Umfragen des ifo-Instituts bei Unternehmen auch, dass weiterhin stru",Politik,0.41825348
tagesschau_fm-story-id-openmediatest/radiobremen.de/openmedia/2_1698042-nimex,"Aktienkurs explodiert: Wie könnte OHB vom ""Mini-Starlink"" profitieren?","Das Ausmaß des neuen Bundeswehr-Satellitensystems ""SatcomBw"" ist gewaltig. Bremens Raumfahrtkonzern OHB könnte es einen Umsatzsprung bescheren. Das steckt dahinter.

Von Kristian Klooß

Der deutsche Rüstungskonzern Rheinmetall will sich mit Bremens Satellitenbauer OHB um das bislang größte Weltraumprojekt der Bundeswehr bewerben. Bereits im Februar könnte die Ausschreibung erfolgen, schreibt das ""Handelsblatt"", das zuerst über die Pläne berichtete.

Worum es genau geht und was ""SatcomBw"" für Bremens wohl wichtigstes Weltraumunternehmen bedeuten könnte und warum sich der Aktienkurs der OHB SE innerhalb einer Woche fast verdoppelt hat, fassen wir hier zusammen.

Was steckt hinter ""SatcomBw""?

Die Bundeswehr setzt seit zwei Jahrzehnten auf eine eigene Satellitenkommunikation. Sie betreibt dazu das System ""SatcomBw"". Es besteht derzeit aus zwei Satelliten und mehreren Hundert festen und mobilen Empfangsstationen. Dies sichert den Truppen einen selbstständig einsetzbaren und abhörsicheren Kommunikations- und Informationsdienst.Die sogenannte vierte Stufe von ""SatcomBw"" wird nun offenbar mit anderer Technik umgesetzt. Dem Handelsblatt zufolge könnten künftig mindestens 100 kleinere Satel",Infrastruktur,0.3995059
tagesschau_fm-story-rbb_berlinale-2026-jury-76-filmfestspiele-berlin,Berlinale gibt Jurys bekannt,"Die Berlinale hat am Mittwoch ihre Jury-Besetzungen für die 76. Internationalen Filmfestspiele bekannt gegeben.Die Internationale Jury entscheidet über die Vergabe der Goldenen und Silbernen Bären unter den 22 Filmen, die im Wettbewerb laufen. Ihr gehören neben dem Jury-Vorsitzenden Wim Wenders sechs weitere Filmschaffende an. Dazu gehören der US-Regisseur Reinaldo Marcus Green, die japanische Filmemacherin Hikari und die polnische Produzentin Ewa Puszczyńska. Außerdem in der Jury: die südkoreanische Schauspielerin Bae Doona, der indische Regisseur, Produzent und Archivar Shivendra Singh Dungarpur sowie der Filmemacher Min Bahadur Bham aus Nepal.Die Preisverleihung findet bei einer glanzvollen Gala am 21. Februar im Berlinale-Palast am Potsdamer Platz statt.

Weitere Jurys für Dokumentarfilme, Kurzfilme und Spielfilmdebüt

Den Preis für das beste Spielfilmdebüt wird eine dreiköpfige Jury, bestehend aus Frédéric Hambalek, Sofia Alaoui (Marrokko) und der polnisch-kanadischen Festivaldirektorin Dorota Lech vergeben. Über die besten Kurzfilme der ""Berlinale Shorts"" werden der syrische Filmemacher Ameer Fakher Eldin, der österreichische Kulturjournalist Stefan Grissemann sowie die Künst",Kultur,0.45137435
tagesschau_fm-story-id-b1e399cc-67f2-4535-bbfb-3c6da5e24ba3,Das ist der Fragebogen für den Extremismus-Check des Landtags,"Haben Sie gegen die Verfassung agitiert? Der Landtag in Wiesbaden hat hunderte Mitarbeiter von Abgeordneten und Fraktionen um Selbstauskunft gebeten. Damit sich am Ende keiner rausreden kann, erhielten die Befragten zum kurzen Fragebogen lange Listen des Verfassungsschutzes.

Von Wolfgang Türk

""Sind Sie Extremist? Ja/nein/weiß nicht"" – ganz so einfach ist die Sache nicht, wenn ein Landtag unter den Mitarbeitern von Fraktionen und Abgeordneten nach Verfassungsfeinden sucht. Sehr viel komplizierter muss es aber auch nicht sein. Das ist dem Fragebogen zu entnehmen, den die Verwaltung von Parlamentspräsidentin Astrid Wallmann (CDU) gerade zum Auftakt eines Extremismus-Checks verschickt hat.

17 Seiten lang ist das Schreiben, das dem hr vorliegt, zwar mit Anhang. Im Mittelpunkt steht aber ein einziges Blatt für eine Selbstauskunft im Multiple-Choice-Verfahren. Befragte könnten die in bestem Amtsdeutsch verfasste Aussage ankreuzen: ""Mir sind Umstände bekannt, welche geeignet sind, in Bezug auf meine Person Anhaltspunkte für eine verfassungsfeindliche Betätigung (…) zu begründen.""

Wer wahrheitswidrig angibt, ihm sei über eigene Aktivität gegen die Demokratie nichts bekannt, soll sich sp",Politik,0.5245512
tagesschau_fm-story-rekord_foerderkredite_sikb_saarland_wohnungsbau_100,Rekord an Förderkrediten im Saarland,"Die Saarländische Investitions- und Kreditbank (SIKB) hat im vergangenen Jahr 432 Millionen Euro an Förderkrediten bewilligt – ein Rekordwert. Im Vergleich zum Vorjahr ist das ein Zuwachs von knapp 28 Prozent. Die Kreditvergabe stieg vor allem im Bereich sozialer Wohnungsbau.

Von Peter Sauer

65 Millionen Euro an Förderkrediten hat die SIKB im vergangenen Jahr zum Bau von bezahlbarem Wohnraum ausgegeben. Nach Jahren des Stillstands komme in den staatlichen Mietwohnungsbau Schwung, sagte die SIKB-Vorstandsvorsitzende Doris Woll dem SR. Das liege an einer Vereinfachung der Verfahren und an attraktiven Konditionen, die den sozialen Wohnungsbau für Privatinvestoren interessant machten.

Aktuell befinden sich nach Angaben von Woll weitere 130 Millionen Euro an Bau-Förderkrediten in der Bewilligungsphase. Damit sollen rund 2000 Wohneinheiten gebaut werden.

207 Millionen Euro Kredite für mittelständische Unternehmen

Neben dem Bereich Bauen und Wohnen finanziert die Förderbank auch den saarländischen Mittelstand. Hier seien im vergangenen Jahr rund 207 Millionen Euro an Krediten zur Verfügung gestellt worden.

Ebenfalls im Fokus der SIKB steht der Bereich Unternehmensneugründungen und S",Vermischtes,0.33689088
06519a2a-ba58-4610-8792-65b54b048a04,Axt-Angreifer von Hannover muss wegen Vergewaltigung in Haft,"Vor dem Landgericht Hannover ist am Dienstag ein 34-Jähriger unter anderem wegen schwerer Vergewaltigung und Brandstiftung zu zwölf Jahren Haft verurteilt worden. In dem Prozess ging es unter anderem um mehrere Vergewaltigungen und das Drohen mit einer Axt an einer Tankstelle.

Der Angeklagte nahm das Urteil reglos entgegen. Die Opfer waren nicht anwesend. Sie wurden durch eine Anwältin vertreten. Seit November musste sich der Angeklagte vor Gericht verantworten. Bereits im Dezember hatte der 34-Jährige über seinen Anwalt ein Geständnis ablegen lassen. Er gab zu, im Juni vergangenen Jahres zweimal seine Ex-Freundin und einmal ihre Großmutter vergewaltigt zu haben. Außerdem gestand er, das Auto seiner Ex-Freundin gestohlen und an einer Tankstelle in Hannover angezündet zu haben. An der Tankstelle entstand laut Gericht ein Schaden von 200.000 Euro. Dort hatte der Mann außerdem Einsatzkräfte der Polizei und Feuerwehr mit einer Axt bedroht.

Gefängnis statt Psychiatrie: Angeklagter nicht schuldunfähig

Die Schuldfähigkeit des Angeklagten zum Zeitpunkt der Taten war während des Prozesses lange unklar. Das Gericht kam zu dem Schluss, dass der Ex-Soldat zumindest bei der Vergewaltigung se",Innere_Sicherheit,0.3897282
tagesschau_fm-story-swr-be219b2c-99a8-3ed6-926b-0fbbb77a6f7d,"Mieten nur mit ""deutschem"" Namen? Gericht untersagt Diskriminierung","Mit ihrem pakistanischen Namen bekam eine wohnungssuchende Frau keinen Besichtigungstermin, unter einem ""deutschen"" aber schon. Dagegen hat sie geklagt - und Recht bekommen.

Von Stefan Eich

Auch Makler dürfen Wohnungssuchende nicht diskriminieren. Das hat der Bundesgerichtshof in Karlsruhe entschieden. Geklagt hatte Humaira Waseem. Der Makler hatte sie ihrer Ansicht nach nur wegen ihres pakistansischen Namens nicht zu einem Besichtigungstermin für eine Mietwohnung eingeladen. Als sie sich mit dem  Namen ""Schneider"" nochmal bewarb, bekam sie einen Termin. Solche Diskriminierungen gebe es oft, erklärt der Vorsitzende des Miterbundes Baden-Württemberg, Rolf Fischer, im SWR-Aktuell-Interview.

SWR Aktuell: Frau Waseem bekommt keinen Besichtigungstermin, Frau ""Schneider"" dagegen sofort. Wie verbreitet ist denn dieses Phänomen aus Ihrer Sicht?

Rolf Gaßmann: Es ist offensichtlich sehr verbreitet. Es gibt eine Untersuchung der Integrationsstelle beim Bund, und die hatte festgestellt, dass circa 41 Prozent der befragten Vermieter sagen, sie hätten Bedenken, an einen Einwanderer eine Wohnung zu vermieten. Das heißt also: Dass Menschen mit fremdländischen Namen Schwierigkeiten am Wohnungsm",Politik,0.38469672
tagesschau_fm-story-id-42681263-6045-4dd6-a3a2-44a5a75597ff,Nach Rückzieher von Bebra: Idstein will Hessentag 2027 ausrichten,"Wo wird 2027 der Hessentag gefeiert? Das osthessische Bebra hatte aus finanziellen Gründen einen Rückzieher gemacht. Jetzt hat Idstein seinen Hut in den Ring geworfen - wenn auch mit Bauchschmerzen.

Die 26.000-Einwohnerstadt Idstein (Rheingau-Taunus) möchte im Jahr 2027 den Hessentag ausrichten. Das haben die Stadtverordneten am Donnerstagabend mit großer Mehrheit beschlossen.

Bürgermeister Christian Herfurth (CDU) will die Bewerbung noch an diesem Freitag beim Land einreichen. Es wäre eine Rückkehr im Jubiläumsjahr - 25 Jahre nach dem Idsteiner Hessentag von 2002, damals noch mit Stargästen wie den No Angels, Die Prinzen oder Michael Ballack.

Mehrheit stimmt trotz Sorgen mit Ja

Leicht machten sich die Parlamentarier die Entscheidung nicht. Quer durch alle Fraktionen gab es Bauchgrimmen und die bange Frage, ob sich die Stadt den Hessentag leisten und ihn in der Kürze der Zeit stemmen könne. Der Bund der Steuerzahler meldete bereits Bedenken an.

Letztlich stimmten 28 Mandatsträger mit Ja, neun mit Nein und sieben enthielten sich.

Keine weiteren Bewerber

Unter dem Strich überwog die Hoffnung darauf, dass die Hochschulstadt im Taunus einen Booster bekommt – und dass das Land ev",Infrastruktur,0.5504867
tagesschau_fm-story-swr-ef5484bf-8eaa-3d30-851f-06a0ae00c46b,Erstattung zurückgeforderter Corona-Hilfen: Gesetzesentwurf vorgestellt,"Das Land BW will so schnell wie möglich unrechtmäßig zurückgeforderte Corona-Soforthilfen erstatten. Die Fraktionen von Grüne und CDU haben nun einen Gesetzesentwurf vorgestellt.

Von Knut Bauer

Nach dem Ende der Pandemie hatten Unternehmen in Baden-Württemberg ihre Corona-Soforthilfen zurückzahlen müssen. 62.000 von ihnen sollen nun das Geld wieder zurückerhalten. Das hatte ein Gericht im Oktober 2025 entschieden. Am Mittwoch haben die Fraktionen der Grünen und CDU nun einen Gesetzesentwurf im Landtag eingebracht, der regeln soll, wie das Geld zurück an die Unternehmen gelangt. Ende Februar soll das Gesetz in einer Sondersitzung des Landtags beschlossen werden.

Unternehmen in BW dürfen rund 437 Millionen Euro behalten

Der baden-württembergische Verwaltungsgerichtshof (VGH) hatte im Oktober 2025 die Rückforderungen von Corona-Soforthilfen der landeseigenen L-Bank wegen Unklarheiten in den Antragsformularen für rechtswidrig erklärt. Zuvor hatten fünf Unternehmen gegen die Rückzahlung geklagt. Von der nun beschlossenen Erstattung seien rund 62.000 Unternehmen betroffen. Ihnen seien von März bis Anfang April 2020 Corona-Soforthilfen in einer Gesamthöhe von 437 Millionen Euro gewähr",Politik,0.3873375
1cb3ae2d-7b64-4c31-a6f8-5e1f1845165a,Merz besucht Heimatprovinz von Indiens Premier Modi,"Kanzler Merz lässt den deutschen Schneewinter für zwei Tage hinter sich und besucht Indien. Sein Ziel: die politischen und wirtschaftlichen Beziehungen zu stärken. Ein Experte rät zu Fingerspitzengefühl.

Von Evi Seibert, ARD-Hauptstadtstudio

Es ist ein besonderer Auftakt dieser Indien-Reise: Der Kanzler fliegt nicht in die Hauptstadt Neu-Delhi - sondern in die Heimat von Premierminister Narendra Modi. Der hat ihn in die Provinz Gujarat eingeladen. Neben politischen Gesprächen besucht Friedrich Merz dort auch ein Drachen-Festival und eine Gedenkstätte für den indischen Unabhängigkeitshelden Mahatma Gandhi.

Die Bundesregierung wertet diese persönliche Einladung als Zeichen besonderer Wertschätzung. Die indische Regierung wiederum weiß zu deuten, was es heißt, dass der deutsche Kanzler bei seinem ersten Asien-Besuch zuerst nach Indien kommt - und nicht China den Vorrang gibt.

Deutschland und Indien eint die Weltlage

Die Bundesregierung will engere Beziehungen zu Indien, die weltpolitische Lage erfordert neue Bündnisse. Der Zeitpunkt ist günstig, glaubt auch Indien-Experte Tobias Scholz von der Stiftung Wissenschaft und Politik: ""Indien und Deutschland eint letztendlich, dass sie ",Politik,0.40435445
deb29e57-6816-406a-9cae-0c8c6fbbb2cd,Grünkohl-Smoothies und Pinkel: Niedersachsen auf der Grünen Woche,"Landwirtschaft, Lebensmittelhersteller und Tourismusverbände präsentieren zehn Tage bei der Grünen Woche in Berlin kulinarische und regionale Spezialitäten aus Niedersachsen.

Von Katharina Seiler

Die Marketinggesellschaft für niedersächsische Agrarprodukte hat die Niedersachsenhalle neu gestaltet, um der zuletzt etwas kahl wirkenden Halle mehr Flair zu verleihen. In diesem Jahr wird sie wie ein Dorfplatz gestaltet sein. Die Bühne und das Café in der Mitte werden von einem oval verlaufenden Gang umrundet, der durch die niedersächsischen Regionen führt. Vom Alten Land, der Elbe-Wendland-Region, der Lüneburger Heide, Südostniedersachsen über das Weserbergland bis zum Oldenburger Münsterland.

Niedersächsische Aussteller zeigen Klassiker und Neuheiten

Zu den 90 Ausstellern gehören altbekannte wie die Landesvereinigung der Milchwirtschaft, die Landjugend oder der Hof Behn - ein Familienbetrieb aus der Nähe von Wolfsburg, der sich auf Getreide, Speiseöle und Honig aus eigener Produktion spezialisiert hat. Neu dabei ist unter anderem der Hof Alvermann, der Bio-Wein aus der Lüneburger Heide anbietet. Und natürlich wird auch der Grünkohl in der Niedersachsenhalle nicht fehlen - ob klassi",Infrastruktur,0.6180301
ac176840-d9cc-468b-8a0a-c998b42663a8,Eisiger Winter macht Hamburger Schiffsverkehr Probleme,"Dieser Januar wird voraussichtlich der kälteste seit 16 Jahren in Hamburg. Das hat der Deutsche Wetterdienst (DWD) bestätigt. In den nächsten Tagen werden die Temperaturen noch sinken. Auf der Elbe sind die Eisbrecher weiterhin im Einsatz und kleinere Schiffe liegen fest.

Im Hauptstrom halten die Eisbrecher die Schollen in Bewegung - aber nicht in den Fleeten. In der Speicherstadt ist das Eis deswegen inzwischen zu dicht für den Schiffsverkehr. Das bedeutet Liegezeit für die kleineren Barkassen.

Keine Fahrten in die kleineren Fleete

Die Fahrten in die kleineren Fleete fallen aus, denn das Eis kann die Schiffsschrauben und den Anstrich beschädigen. An den Landungsbrücken berichten einige Schiffsführer von Barkassen, die sich in der Speicherstadt festgefahren haben.

Eisbrecher sichern die Kohleversorgung

Weiter flussaufwärts halten die Eisbrecher auch das Kraftwerk Tiefstack am Laufen. Ohne diese würden die Schiffe, die die Kohle liefern, das Kraftwerk nicht erreichen. Die Hamburger Energiewerke haben die Eisbrecher seit dem Wintereinbruch beauftragt.

Es bleibt kalt in Hamburg

Und es bleibe weiter kalt, prognostiziert der DWD. Es werde voraussichtlich der kälteste Januar seit ",Infrastruktur,0.4860186
33870772-9e28-4af1-9327-24d94e39bd5e,Wasserrohrbruch in Wolfsburg beeinträchtigt Stadtverkehr,"Wegen der Kälte war die Trinkwasserleitung eines Hotels geplatzt. Wegen der Reparaturarbeiten kam es zeitweise zu Stau.

Ein Wasserrohrbruch in Wolfsburg hat am Mittwochmorgen für erhebliche Probleme im Stadtverkehr gesorgt. Wie eine Sprecherin des Netzbetreibers LSW dem NDR Niedersachsen mitteilte, war eine Trinkwasserleitung eines Hotels in der Nacht geplatzt. Zuvor hatte sich den Angaben zufolge ein Riss in der Leitung gebildet, offenbar aufgrund der Kälte. Durch die Reparaturen staute es sich laut Polizei im Berufsverkehr am Mittwochmorgen auf mehreren Kilometern. Der LSW-Sprecherin zufolge sollte die Wasserversorgung im Laufe des Nachmittags wieder hergestellt sein. Danach beginne die Reparatur der Straße. Diese könne allerdings bis zu zwei Wochen dauern, so die Sprecherin weiter. Eine Umleitung soll eingerichtet werden.",Infrastruktur,0.42897108
75551124-78ba-4b8f-905f-d6c38ffac6b1,Schwerin: Viele Baustellen für besseren Radverkehr,"Die Stadt Schwerin baut in diesem Jahr Radwege aus und richtet eine Fahrradstraße ein.

In Schwerin stehen in diesem Jahr neue Radweg-Baustellen an. Mitte des Jahres soll ein Teil der Mecklenburgstraße zur Fahrradstraße werden. Außerdem soll eine wichtige Kreuzung der Lübecker, Gadebuscher und Grevesmühlener Straße umgebaut werden. Dadurch soll sie für Radfahrer besser zu befahren sein, heißt es von der Initiative Radentscheid Schwerin. Die Hamburger Allee soll saniert werden und dann eine drei Meter breite Radspur bekommen. Hier kritisiert der Radentscheid, dass diese nicht baulich vom Autoverkehr getrennt werden soll. Ein Fahrrad-Parkhaus am Hauptbahnhof wird aktuell gebaut.",Infrastruktur,0.5715145
tagesschau_fm-story-rbb_gruene-woche-messe-landwirtschaft-ernaehrung-berlin,Messe Grüne Woche feiert hundertjähriges Jubiläum in Berlin,"Wenn die Grüne Woche am Freitag ihre Pforten zum 90. Mal öffnet, feiert sie ihr hundertjähriges Jubiläum. Denn zum ersten Mal abgehalten wurde die weltgrößte Agrar- und Lebensmittelschau 1926. In diesem Jahr sind 1.600 Aussteller aus über 50 Ländern dabei.

Grüne Woche findet vom 16. bis 25. Januar statt1.600 Aussteller aus mehr als 50 Ländern sind dabeiMecklenburg-Vorpommern ist in diesem Jahr PartnerlandParallel zur Messe sind Proteste angekündigt

Am Freitag öffnet die Berliner Grüne Woche in ihrer 90. Ausgabe ihre Pforten. Die weltgrößte Agrar- und Lebensmittelschau zeigt dann einmal mehr, was Landwirtschaft heute so kann. Und ein runder Geburtstag ist auch dabei: 1926 wurde sie zum ersten Mal abgehalten. Weil sie aber unter anderem während des Zweiten Weltkriegs und während der Corona-Pandemie nicht stattfand, ist die diesjährige Ausgabe der Grünen Woche nicht die 100. ""Seit 100 Jahren begleitet und gestaltet die Grüne Woche den Wandel von Ernährung, Landwirtschaft und Gartenbau"", sagte Dr. Mario Tobias, Vorsitzender der Geschäftsführung der Messe Berlin GmbH anlässlich des Jubiläums.

Produkte, Trends und Ideen aus über 50 Ländern

Für die diesjährige Ausgabe haben nach Angab",Kultur,0.42237324
tagesschau_fm-story-swr-6b81a9b9-b46f-3dab-a312-36329dbbf33f,Hohe Lawinenwarnstufe: Mehrere Abgänge in Vorarlberg und der Ostschweiz,"Mehrere Lawinenabgänge am Wochenende zeigen die große Gefahr in den Bergen. Zwei Menschen wurden verletzt. Polizei und Rettung warnen eindringlich vor Fahrten abseits der Piste.

Von Friederike Fiehler

Am Sonntag haben Wintersportler einen Lawinenabgang am Flumserberg in der Ostschweiz gemeldet. Die Lawine war neben der markierten Piste im Bereich Prodkamm abgegangen. Das bestätigte die Kantonspolizei St. Gallen.

Da nicht klar war, ob Menschen verschüttet wurden, begann eine aufwendige Suche. Alpine Rettung, Lawinenhunde und mehrere Hubschrauber waren im Einsatz. Die Suche dauerte rund drei Stunden.

Am Ende fanden die Einsatzkräfte keine Betroffenen. Die Polizei appelliert dennoch eindringlich an Wintersportlerinnen und Wintersportler. Wer abseits der Piste unterwegs ist, soll sich bei einem Lawinenabgang sofort melden. So können unnötige Suchaktionen vermieden werden.

Zwei Menschen verletzt: Lawine in Zürs

Bereits am Samstag war es oberhalb von Zürs in Vorarlberg zu einem Lawinenabgang gekommen. Zwei deutsche Skifahrer waren abseits der gesicherten Pisten unterwegs. Laut Polizei Vorarlberg ereignete sich der Unfall gegen 10.30 Uhr am Trittkopf.

Die Männer querten einen sehr ",Infrastruktur,0.5000051
6f68e94a-8c45-4883-ab7c-a11a9413dc64,Pfefferspray in Bar versprüht: Sieben Verletzte in Hildesheim,"Barbesitzer und Gäste verfolgen Verursacher und halten ihn fest. Laut Polizei war der 26-Jährige stark alkoholisiert.

In einer Bar in Hildesheim sind sieben Menschen durch Pfefferspray leicht verletzt worden. Wie die Polizei mitteilte, versprühte ein 26-jähriger Mann am frühen Sonntagmorgen Reizmittel in der Bar. Demnach war der 26-jährige Verdächtige betrunken und setzte das Pefferspray ungezielt frei. Die Opfer klagten den Angaben zufolge im Anschluss über Atemnot. Allerdings sei bei keinem der Opfer unmittelbare medizinische Versorgung notwendig gewesen, hieß es. Der 26-Jährige sei geflüchtet. Nach Angaben der Polizei verfolgten der Barbesitzer sowie weitere Gäste den Mann und konnten ihn bis zum Eintreffen der Beamten festhalten. Die Polizei ermittelt nun wegen gefährlicher Körperverletzung gegen den 26-Jährigen.

NDR 1 Niedersachsen | Aktuell | 18.01.2026 | 11 Uhr | NDR.de | Sieben Verletzte nach Einsatz von Pfefferspray | 18.01.2026 | 10:11 Uhr",Vermischtes,0.3297453
8f91b68b-35cc-4ea8-b970-b0a7c9bf8027,Warum traumatisierte Flüchtlinge in Zukunft weniger Hilfe bekommen ,"Weniger Hilfe für Menschen mit schweren Traumata: Wegen neuer Förderregeln geraten psychosoziale Zentren für Geflüchtete in Bedrängnis. Für Betroffene kann das gravierende Folgen haben.

Von Jette Studier

Für Janan Shokoohi Far aus dem Iran war das Ankommen in Rostock nicht leicht. Die 39-Jährige kam mit ihren beiden Söhnen allein nach Deutschland. Sie litt unter Stress und Ängsten, berichtet von Panikattacken. ""Ich wusste nicht, wo ich anfangen und wie es weitergehen sollte und ob ich überhaupt in Deutschland leben kann"", erzählt sie heute. Janan Shokoohi Far hatte im Iran ihren Mann verloren. Weil sie als Frau in der Islamischen Republik nicht allein mit ihren Söhnen leben darf, sollte sie zwangsverheiratet werden, erzählt sie heute. Die junge Frau verlässt mit ihren Kindern das Land. Auch diese Geschichte verfolgt sie: ""Die Traumata aus meiner Vergangenheit und meiner Heimat haben mich sehr unter Druck gesetzt"".

Psychosoziale Hilfe unter Druck

Psychologische Hilfe sucht Janan Shokoohi Far zunächst vergeblich und bekommt sie erst als eine Mitarbeiterin ihrer Rostocker Flüchtlingsunterkunft sie vor zwei Jahren auf das Psychosoziale Zentrum (PSZ) in der Hansestadt aufmerksam mac",Politik,0.4173652
e6999ecc-f413-4a61-a22a-e19b268a6491,Stralsund: Werfthalle soll nach Bleibelastung gereinigt werden,"Nachdem bei neun von neunzehn Werftarbeitern erhöhte Bleiwerte im Blut festgestellt wurden, reagiert die Stadt Stralsund. Auch das LAGuS ist eingeschaltet.

Auf der Bürgerschaftssitzung am Donnerstagabend in Stralsund (Landkreis Vorpommern-Rügen) hat Oberbürgermeister Alexander Badrow (CDU) angekündigt, die große Halle der Volkswerft professionell reinigen zu lassen. Zuvor waren Mitarbeiter der früheren Fosen-Werft davon ausgegangen, dass sie bei Arbeiten an Traditionsschiffen mit Blei kontaminiert wurden.

Deutlich überschrittene Grenzwerte

Die Stadt hatte daraufhin in Abstimmung mit dem Landesamt für Gesundheit und Soziales (LAGuS) Untersuchungen angeschoben. ""Die Messung der Raumluft hat ergeben, dass die strengen Arbeitsplatz-Grenzwerte deutlich unterschritten sind"", so Badrow. Zudem seien Proben in verschiedenen Bereichen von ölgebundenen Ablagerungen genommen worden.

Bleistaub muss aus Halle entfernt werden

Laut LAGuS ist nahezu in der gesamten Halle Staub mit unterschiedlichen Bleikonzentrationen gefunden worden. Dieser müsse aus der Halle entfernt werden. Dazu würden aktuell Maßnahmen ergriffen. Eine gesundheitliche Gefährdung bestehe aber nur bei oraler Aufnahme von Ble",Infrastruktur,0.47127593
tagesschau_fm-story-swr-78f3a429-35e4-36e3-9aaa-e0840c0559d6,Eifeler Sternsinger besuchen Berlin,"Vier Sternsinger aus Hetzerath sind vom Bistum Trier für eine Fahrt nach Berlin ausgelost worden. Eigentlich sollten sie den Kanzler Merz treffen. Doch der hatte keine Zeit.

Von Christian Altmayer

Emil, Klara, Lotta und Paul können es noch immer nicht glauben. Die vier Sternsinger aus Hetzerath waren in Berlin.

""Als ich es gehört habe, habe ich mich sehr gefreut und ich musste das erst mal realisieren"", sagt der 14-jährige Paul Körner. Aus Hunderten Gruppen wurden die vier Kinder ausgelost, um das Bistum Trier beim Empfang der deutschen Sternsinger im Kanzleramt zu vertreten. In den vergangenen Jahren hatten sie sich immer wieder beworben. ""Obwohl wir wussten, dass es fast unmöglich ist, dass es klappt.""

Keine Nachwuchsprobleme in Hetzerath

Paul ist mit 14 einer der ältesten Sternsinger im Dorf. Seit Jahren zieht er mit seinen Geschwistern verkleidet als Caspar, Melchior und Balthasar, von Tür zu Tür. Sie sprechen den Segen und sammeln Spenden für Kinder in Not.

Weil sie schon so lange dabei sind, wurden sie auch unter den fast 60 Sternsingern im Ort ausgewählt. Nach Angaben des Bistums ist auch das seine Besonderheit: In vielen Dörfern wird es immer schwieriger, Kinder und J",Infrastruktur,0.5735386
tagesschau_fm-story-br24-VALv56A,Regensburg–Nürnberg: Mammutbaustelle startet mit 2.000 Arbeitern,"Es werden lange Monate für Bahnkunden – die DB saniert die Bahnstrecke zwischen Regensburg und Nürnberg. Die Strecke wird dabei gesperrt. Fahrgäste müssen auf Busse umsteigen, die Fahrzeit verlängert sich dabei erheblich. Was Sie wissen müssen:

Von Tanja Gorges

Die Bahnstrecke zwischen Regensburg und Nürnberg – eine der wichtigsten Verkehrsachsen in Bayern – steht ab Freitag still: Bis zum 10. Juli wird die Strecke für rund fünf Monate komplett für den Bahnverkehr gesperrt. Am Abend fahren die vorerst letzten Regionalzüge.

Die erste von sieben Großbaustellen

Grund ist eine umfangreiche Generalsanierung mit dem Ziel, die Infrastruktur langfristig robuster, zuverlässiger und zukunftsfähig zu machen. Die Generalsanierung der Strecke Nürnberg–Regensburg ist die erste von sieben geplanten Großbaustellen der Bahn im Freistaat. Die Strecke gehört mit über 350 Zügen täglich zu den verkehrsreichsten Strecken in Bayern. Zudem ist sie ein wichtiger Bestandteil der europäischen Verkehrsachse Rhein-Donau.

Zum offiziellen Spatenstich am Bahnhof in Neumarkt in der Oberpfalz haben sich Gerd-Dietrich Bolte, Vorstand für Infrastrukturprojekte und -planung der DB InfraGO, der Parlamentarische St",Infrastruktur,0.6277262
tagesschau_fm-story-br24-V7iTB2F,Nach Hackerangriff: Notaufnahme in Roth ist wieder erreichbar,"Einen Tag nach dem Angriff auf das IT-Netzwerk der Kreisklinik Roth ist die Notaufnahme des Krankenhauses wieder erreichbar. Nur Schlaganfallpatienten müssten über Nacht weiterhin auf umliegende Krankenhäuser umgeleitet werden, so eine Mitteilung.

Von Vera Held, BR24  Redaktion

Weil Unbekannte am Mittwoch einen Angriff auf das IT-Netzwerk der Kreisklinik Roth starteten, wurde die Notaufnahme des Krankenhauses kurzzeitig geschlossen. Seit heute ist sie wieder erreichbar. Lediglich Schlaganfallpatienten müssen noch über Nacht auf umliegende Krankenhäuser umgeleitet werden. Das teilen die Klinik und das Landratsamt Roth am Donnerstag mit.

Zu Artikel: Cybercrime – Sicherheitslage in Bayern ""angespannt""

Die Kreisklinik Roth hatte die Notaufnahme wegen des Cyberangriffes abmelden müssen. Die Verantwortlichen hatten die Internet-Verbindung nach außen am Mittwochnachmittag gegen 11.30 Uhr vorsorglich abgeschaltet. Es sei zu einem ""externen Zugriff"" auf das Netzwerk gekommen, heißt es in der Mitteilung. Unter anderem waren daraufhin Empfang und Versand von radiologischen Aufnahmen nicht mehr möglich.

Regionale Notfallversorgung war gesichert - Faxgeräte im Einsatz

Die Notfallversorgun",Vermischtes,0.26172876
4605c7bd-d5f3-4ebe-9869-0beac64c62cf,Brand in Wolfenbüttel: 38-jähriger Verdächtiger festgenommen,"Der Bewohner des Mehrfamilienhauses soll vermutlich Benzin im Treppenhaus verschüttet und angezündet haben.

Nach einem Feuer in der Nacht zu Freitag in Wolfenbüttel verdächtigt die Staatsanwaltschaft einen 38-Jährigen der Brandstiftung. Der Staatsanwaltschaft Braunschweig zufolge wurde der Mann ""quasi auf frischer Tat"" festgenommen. Sie geht davon aus, dass der Bewohner des Mehrfamilienhauses im Treppenhaus eine brennbare Flüssigkeit verschüttet und angezündet hat. Vermutlich habe es sich um Benzin gehandelt, so die Staatsanwaltschaft weiter. Der Mann sollte noch am Vormittag dem Haftrichter vorgeführt werden. Bei dem Brand musste die Feuerwehr nach eigenen Angaben drei Menschen mit einer Drehleiter retten, schlussendlich sei aber niemand verletzt worden. Nach Angaben der Staatsanwaltschaft blieb auch ein größerer Brandschaden aus. Allerdings sei das Gebäude stark verrußt und aktuell noch nicht begehbar.",Vermischtes,0.32811773
4965971a-29ab-406a-a59d-d659ce02efdb,Deutschland wohnt kleiner,"Die durchschnittliche Größe einer Wohnung in Deutschland wird einer Studie zufolge in den kommenden Jahren sinken - erstmals seit Jahrzehnten. Das liegt nicht nur an hohen Immobilienpreisen.

Von Paula Protzen, ARD-Finananzredaktion

Nach Jahrzehnten kontinuierlich wachsender Wohnflächen deutet sich einer Studie zufolge eine Trendwende an. Erstmals seit Beginn der Erhebungen stagniert die durchschnittliche Wohnungsgröße in Deutschland - und in den kommenden Jahren dürfte sie sogar schrumpfen, ergab eine Untersuchung des Deutschen Instituts für Wirtschaftsforschung (DIW).

Zwischen 1965 und 2024 erhöhte sich die durchschnittliche Wohnungsgröße laut DIW um mehr als ein Drittel  - von 69 auf 94 Quadratmeter. Auch die Wohnfläche pro Person ist in dieser Zeit stark angestiegen. Von knapp 20 auf gut 49 Quadratmeter hat sie sich sogar mehr als verdoppelt.

Doch seit etwa 2005 werden Neubauwohnungen wieder kleiner, fanden die Berliner Forscher heraus. Das mache sich nach und nach auch im Bestand bemerkbar: Bis 2050 dürfte die durchschnittliche Wohnung etwa sechs Quadratmeter kleiner sein als heute und bei etwa 88,5 Quadratmetern liegen.

Gegenläufig ist dabei der Trend bei Ein- oder Zweifa",Infrastruktur,0.45189548
tagesschau_fm-story-rbb_berlin-klimapakt-landeseigene-unternehmen-klimaschutz,"Berliner Klimapakt: Landeseigene Unternehmen sollen 13,8 Milliarden in Klimaschutz investieren","Bis 2030 will Berlin seinen CO2-Ausstoß massiv reduzieren. Die landeseigenen Unternehmen sollen deshalb eine Milliardensumme investieren, um klimafreundlicher zu werden. Der Senat verpflichtet sich einen Milliardenbeitrag bereitzustellen.

Berlins landeseigene Unternehmen und Senat vereinbaren Investitionen in KlimaschutzZiel ist eine schnelle und deutliche Absenkung des CO2-AusstoßesUmbau insbesondere bei Wärmeversorgung notwendig

Berlins landeseigene Unternehmen sollen bis 2030 rund 13,8 Milliarden Euro in den Klimaschutz investieren. Eine entsprechende Vereinbarung haben Vertreter des schwarz-roten Senats und von 22 Unternehmen von den Wasserbetrieben bis zur Berliner Immobilienholding im Roten Rathaus unterzeichnet. Der Senat stellt für den sogenannten Klimapakt zusätzlich 2,3 Milliarden Euro zur Verfügung. Das Ziel ist, die Kohlendioxidemissionen erheblich zu verringern, bis 2045 um 95 Prozent und bereits bis 2030 um 70 Prozent im Vergleich zu 1990. Diese Daten sieht das Berliner Klimaschutz- und Energiewendegesetz vor.

Insbesondere Wärmeversorgung soll klimafreundlicher werden

Es sei ein Klimaschutzpaket, das es in Berlin so noch nicht gegeben habe, sagte der Regierende Bü",Umwelt,0.523072
tagesschau_fm-story-WDR-7e1f9eb3-b47d-43b3-9d04-d6c5ad8b5626,"Grimme-Preis 2026: Tatort, Joko & Klaas und neunmal WDR nominiert","Das Grimme-Institut in Marl hat die Nominierungen für den Grimme-Preis 2026 bekannt gegeben. Darunter sind viele bekannte Namen.

Von Daniel Chur

750 Einreichungen, 71 Nominierungen - so ist die Ausgangslage für den Grimme-Preis in diesem Jahr. ""Die Nominierungen für den diesjährigen Grimme-Preis spiegeln eindrucksvoll die Vielfalt und Stärke des aktuellen Fernsehjahres wider“, so die Geschäftsführerin des Grimme-Instituts, Çiğdem Uzunoğlu.

Cold Cases und Retro-Vibes

Freuen könnte sich unter anderem der Tatort im Ersten. Gleich mit seinem ersten Fall wird das neue Frankfurter Ermittlerduo nominiert, gespielt von Melika Foroutan und Edin Hasanović. In ""Dunkelheit"" vom Hessischen Rundfunk geht es um einen unaufgeklärten Mord, einen ""Cold Case"". Angelehnt übrigens an den realen Fall des sogenannten ""Hessen-Rippers"" aus den neunziger Jahren.

Der Tatort ist genau so in der Kategorie ""Fiktion"" nominiert, wie die Serie ""Chabos"" bei ZDFneo. Die greift das Leben im Ruhrpott in den frühen Zweitausendern auf. Humorvoll, aber auch tiefgründig wird hier auf die Freundschaft mehrerer Jugendlicher im Duisburg aus der Perspektive von heute geblickt.

Die Maus mit sensiblem Thema nominiert

Der",Vermischtes,0.345453
tagesschau_fm-story-rbb_zehdenick-buergermeister-alexander-kretzschmar-oberhavel-abwahl-buergerentscheid,Bürgerentscheid am Sonntag: Menschen in Zehdenick entscheiden über Zukunft von Bürgermeister,"Die Bürgerinnen und Bürger von Zehdenick (Oberhavel) entscheiden am Sonntag über die Zukunft des parteilosen Bürgermeisters Alexander Kretzschmar. Kretzschmar war im März vergangenen Jahres in einer Stichwahl zum neuen Rathauschef der Stadt mit rund 13.000 Einwohnern und Einwohnerinnen gewählt worden. Der Polizist setzte sich gegen AfD-Kandidat René Stadtkewitz durch. Nach nur wenigen Tagen im Amt meldete sich Kretzschmar dann krank. Bis heute ist er dienstunfähig.

Rund 11.300 Menschen sind wahlberechtigt

Im Oktober hatten die Stadtverordneten dann ""fraktionsübergreifend und mit großer Mehrheit"" das Abwahlverfahren gegen Kretzschmar eingeleitet. Ende November wurde der Beschluss zur Abwahl einstimmig gefasst. Danach war Kretzschmar am Zug: Innerhalb einer Woche hätte er die Abwahl annehmen oder ablehnen können. Er reagierte nach Angaben von Stadtsprecher André Ullmann aber gar nicht und ließ die Frist verstreichen. Daher haben nun die Zehdenickerinnen und Zehdenicker das letzte Wort. Beim Bürgerentscheid am Sonntag werden rund 11.300 Menschen wahlberechtigt sein. Zur Urne werden nur die gebeten, die gegen Kretzschmar sind. Er ist abgewählt, wenn mehr als 2.800 Menschen (Quorum) g",Politik,0.5467838
dc60b7fb-34f4-43fb-a897-a8d459da31ed,Schule auf der Veddel für 32 Milllionen Euro saniert,"Die Hamburger Schulbehörde hat die knapp 100 Jahre alte Schule auf der Veddel saniert. Die Stadt investierte in das denkmalgeschützte Gebäude etwa 32 Millionen Euro.

Bei der feierlichen Wiedereröffnung der Schule am Montag auf der Veddel betonte Bildungssenatorin Ksenija Bekeris (SPD) die besondere Bedeutung für den Stadtteil. Es handelt sich um die einzige Schule auf der Veddel. In dem Gebäude sind eine Stadtteil- und eine Grundschule untergebracht. Sie hat Platz für 480 Schülerinnen und Schüler.

Zweieinhalb Jahre im Ausweichquartier enden

Zweieinhalb Jahre war die Schulgemeinschaft während der Sanierung in einem Ausweich-Quartier untergebracht. Vor kurzem erhielt die Schule bereits eine neue Mensa für etwa vier Millionen Euro.

Schulpläne von Fritz Schumacher

Das historische Schulgebäude entstand in den Jahren 1929 bis 1932. Die Pläne stammten vom damaligen Oberbaudirektor Fritz Schumacher. Das Gebäude war die größte vom Architektur-Stil ""Neues Bauen"" beeinflusste Volksschule in Hamburg",Infrastruktur,0.38485909
tagesschau_fm-story-id-openmediatest/radiobremen.de/openmedia/2_1692258-nimex,Mehr Sauberkeit und Sicherheit verspricht die Bahn auch für Bremen,"Die Deutsche Bahn plant häufigere Streifen und Reinigung. Das Ziel: Die Fahrgäste sollen zufriedener sein. Die Bahn startet das Sofortprogramm an insgesamt 25 Bahnhöfen.

Von Jens Otto

Mit dem kurzfristigen Sofortprogramm reagiert die Bahn auf entsprechende Forderungen des Bundesverkehrsministers Patrick Schnieder (CDU). Der Bund fordert von der Bahn, mehr für die Zufriedenheit der Fahrgäste zu tun – dafür will die Deutsche Bahn ab sofort mit mehr Sicherheitspersonal, häufigerer Reinigung und schnelleren Reparaturen an Bahnhöfen sorgen.

25 Städte wurden zum Start des Programms ausgewählt, darunter neben Berlin, Hamburg und Hannover auch Bremen. Hier sollen häufiger Sicherheitskräfte Streife laufen.

Kleinere Schäden sollen schnell repariert werden

Außerdem will die Bahn besonders intensiv reinigen, unter anderem Bahnsteige und Treppen – und neue mobile Handwerksteams sollen bundesweit zum Einsatz kommen, um schneller kleinere Schäden zu reparieren.

Ziele des Programms sind laut Bahn ein sauberes Erscheinungsbild der Bahnhöfe und ein besseres Sicherheitsempfinden der Fahrgäste.  Dafür sollen auch mehr Bahnhöfe mit Kameras und Videotechnik ausgestattet werden, heißt es seitens de",Infrastruktur,0.5469806
d9ce7e0a-93e1-4824-8350-055c433a28c9,Landkreis Wesermarsch plant Moorschutzprojekt im Ipweger Moor,"Das Projekt soll zeigen, dass Moor- und Klimaschutz in Einklang mit der Landwirtschaft gelingen können.

Der Landkreis Wesermarsch will das Ipweger Moor nordöstlich von Oldenburg besser schützen - und große Teile wiedervernässen. Die Verantwortlichen sprechen von einem der bedeutendsten Moor- und Klimaschutzvorhaben im Nordwesten. Der Landkreis hat nun einen entsprechenden Förderantrag im Landwirtschaftsministerium gestellt. Den Angaben zufolge sollen 5.000 des insgesamt rund 8.500 Hektar großen Gebietes wiedervernässt werden. Dabei solle das Moor weiter wirtschaftlich genutzt werden können, heißt es. Der Landkreis Wesermarsch verspricht sich vor allem dadurch Erfolg, dass die Flurbereinigung einfacher wird - also Flächen getauscht oder neu geordnet werden.",Infrastruktur,0.36521864
71f3db16-e638-431f-9967-5093ba08e214,"""Ich hoffe, sie antwortet""","Die Proteste und die Gewalt des Regimes in Iran bewegen die iranische Community in Deutschland. Auch eine Familie aus Rheinland-Pfalz blickt mit Stolz und Angst auf die Proteste.

Von Lucretia Gather, und Christian Stracke, SWR

""Ich hoffe, dass sie antwortet, wirklich!"" Dhia Sharhani sitzt in seinem Wohnzimmer im rheinland-pfälzischen Wallhausen, einem kleinen Ort im Landkreis Bad Kreuznach an der Nahe. Er versucht, die Schwester seiner Frau ans Telefon zu bekommen. Man spürt, wie angespannt der 45-Jährige ist. Zum Zeitpunkt des ersten Gesprächs mit dem SWR versucht er schon seit mehr als einer Woche, seine Schwägerin im Iran zu erreichen.

""Die Schwester meiner Frau heißt Hanna"", erzählt er. Erst kürzlich habe sie ein Kind bekommen. ""Wir waren so glücklich. Ein neues Baby in unserer Familie, das war toll! Aber auf einmal nichts mehr, und das tut uns wirklich weh, besonders meiner Frau."" Sharhani hat Tränen in den Augen. Während im Hintergrund der Fernseher mit Nachrichten läuft, beschreibt er, wie er ""tausendmal am Tag"" versucht, seine Schwägerin ans Telefon zu bekommen.

Vor ihm auf dem Tisch liegen drei Handys. Eins mit deutscher SIM-Karte, zwei mit ausländischen Karten. Doch e",Politik,0.4943114
9598376a-1209-44a1-90e3-b60489b28036,Großrazzia gegen mutmaßliche Waffenhändler in Norddeutschland,"Die Polizei ist mit einem Großaufgebot gegen mutmaßliche Waffenhändler vorgegangen. Mehrere Tage lang hat es Razzien in Hamburg, Schleswig-Holstein und Mecklenburg-Vorpommern gegeben, wie die Polizei am Montag mitteilte.

Am vergangenen Donnerstag ging es los: Polizei und Zoll durchsuchten seitdem insgesamt 19 Objekte, wie die Polizei vom Montag mitteilte. In Hamburg gab es Razzien in Allermöhe, Heimfeld, Jenfeld, Neugraben-Fischbek, Stellingen, Tonndorf, Veddel und Wilhelmsburg. In Schleswig-Holstein waren Borstorf, Gelting, Glinde, Mölln und Stockelsdorf und in Mecklenburg-Vorpommern war Binz betroffen.

Neun Männer im Fokus der Ermittlungen

Die Ermittlungen richten sich gegen eine kriminelle Bande, die in großem Stil mit Waffen gehandelt haben soll. Im Fokus stehen laut Polizei neun Männer im Alter zwischen 32 und 61 Jahren. Sie sollen scharfe Schusswaffen, Munition und auch Waffen, die unter das Kriegswaffenkontrollgesetz fallen, beschafft und verkauft haben.

Polizei stellte Schusswaffen und Munition sicher

Die Durchsuchungen begannen laut Polizei am Donnerstagmorgen auf Antrag der Staatsanwaltschaft Hamburg. Insgesamt wurden demnach zehn Wohnobjekte, sechs Warenlager sowie ",Infrastruktur,0.4719059
tagesschau_fm-story-id-3286e7d2-61c3-491e-94a1-7cc903fe34e5,"Schlechtenwegen, Motzfeld oder Wixhausen: 14 skurrile Ortsnamen in Hessen","Über Schlechtenwegen und Motzfeld nach Wixhausen? Diese skurrilen Ortsnamen gibt es tatsächlich in Hessen - und es sind nicht die einzigen. Wir haben 14 besonders außergewöhnliche ausfindig gemacht und erklären, wie sie zu ihren doppeldeutigen Namen gekommen sind.

Von Niklas Will

Zum 80. Geburtstag des Landes Hessen schauen wir das ganze Jahr 2026 auf Hessen heute, gestern und morgen. In zwölf Karten stellen wir jeden Monat unser buntes Land vor.

Tom Joecks Heimat ist über Hessens Landesgrenzen besonders bekannt, bringt viele zum Lachen und massig Klicks auf den Sozialen Netzwerken.

Für Joecks ist der Name seines Darmstädter Stadtteils nichts Besonderes. ""Ich wohne schon immer in Wixhausen"", sagt der 19-Jährige. Dass dem Namen eine gewisse Nähe zur manuellen Selbstliebe nachgesagt wird, stört ihn nicht.

Joecks engagiert sich in der Jugendarbeit des Sinfonischen Blasorchesters der TSG Wixhausen. Mit Stolz trägt er sein T-Shirt mit der Aufschrift ""Wixhäuser dersch und dersch"". Alles ganz normal, sagt er. Auch, dass es lustig klingt.

Vermeintlich anzügliche Bedeutung

Im Alltag mache ihm der vermeintlich anzügliche Ortsname kaum zu schaffen, erzählt Joecks. Es sei ja wie ""Humor ",Infrastruktur,0.5296514
652c9cbb-f5bd-4b22-9cbc-37ea3021c2b3,Chlorgas und Salpetersäure ausgetreten - Dünen-Therme evakuiert,"Am Samstagabend mussten 50 Badegäste aus der Therme in Sankt Peter-Ording evakuiert werden.

Am Samstagabend mussten rund 50 Personen aus der Dünen-Therme in St. Peter-Ording (Kreis Nordfriesland) evakuiert werden. Grund dafür war laut Feuerwehr, dass Chlorgas in Verbindung mit Salpetersäure aus einem undichten Behälter im Keller ausgetreten war. Eine Kellertür sei rechtzeitig von einem Mann geschlossen worden, sodass nichts weiter passieren konnte. Eine Person wurde zwar vor Ort betreut, ins Krankenhaus musste sie allerdings nicht gebracht werden. 150 Kilogramm Chlor wurden durch die Feuerwehr aufgefangen. Das Gemisch aus Chlorgas und Salpetersäure wird in vielen Schwimmbädern zur Reinigung verwendet und kann die Atemwege reizen.",Vermischtes,0.20817703
39afacaa-722b-4f16-a54b-1343b6c56791,Wenn Fremde zu Lebensrettern werden,"Eine Niere im Tausch für eine andere - sogenannte Überkreuz-Spenden sind in Deutschland bislang die Ausnahme. Grund sind die strengen Auflagen. Ein Gesetzesänderung gibt Erkrankten nun Hoffnung.

Von Thomas Denzel und Daniel Friedrich, SWR

Die Diagnose kam vor einem Jahr. Seitdem muss Angelika Di Nunzio dreimal die Woche jeweils vier Stunden zur Dialyse. An der erblich bedingten Nierenerkrankung litt schon ihre Mutter, die schließlich an den Folgen starb.

Die Dialyse hilft, aber kann nicht heilen. ""Außerdem bringt die Dialyse auch gesundheitliche Risiken"", erklärt Angelika Di Nunzio. ""Es kann zu Herzproblemen und Knochenproblemen kommen.""

Organspende-Bereitschaft nicht groß genug

Die 60-Jährige führte ein sehr aktives Leben, gemeinsam mit ihrem Ehemann Domenico betreibt sie ein Café in Lörrach im Südwesten Baden-Württembergs. Heute fühlt sie sich infolge der Dialyse oft schlapp und kann ihren Mann nicht mehr den ganzen Tag unterstützen.

Angelika Di Nunzio hofft auf eine Nierenspende. Doch im Schnitt dauert es acht Jahre, bis man ganz oben auf der Warteliste steht. Weil noch immer zu wenige Menschen in Deutschland bereit sind, nach ihrem Tod ein Organ zu spenden. Oft vergeht vi",Vermischtes,0.33533818
e999a2e0-1c15-40cd-9576-6ac7131af32e,Rentnerin an der Haustür genötigt: Polizei warnt vor Masche,"Im Kreis Steinburg hat ein Unbekannter eine Rentnerin dazu genötigt, Bargeld herauszugeben. Die Polizei prüft weitere Fälle.

Die Polizei ist auf der Suche nach einem Mann, der in Breitenburg (Kreis Steinburg) eine Rentnerin an ihrer eigenen Haustür genötigt haben soll. Laut der Ermittler hat die Frau am Mittwoch ihre Haustür geöffnet, als der Mann geklingelt hat. Sie wollte die Tür wieder schließen, doch der Unbekannte stellte seinen Fuß in den Türspalt und verlangte von ihr 50 Euro. Schlussendlich hat er von der Rentnerin 20 Euro bekommen und ist dann weggelaufen. Die Polizei ermittelt wegen des Verdachts des Hausfriedensbruchs und der Nötigung.

Möglicherweise mehrere Taten in der Gegend

Der mutmaßliche Täter soll 1,70 Meter groß sein und einen Stoppelbart tragen. Wer etwas Verdächtiges im Waldweg in Breitenburg und Umgebung beobachtet hat, soll sich bei der Polizei in Wellenkamp melden. Die Ermittler vermuten, dass es weitere, ähnliche Taten in der Gegend gegeben haben könnte.",Vermischtes,0.2643524
b4152420-24e8-487c-8699-307b9d48f3ab,Ab 2028: Längere Züge zwischen Braunschweig und Magdeburg,"Die Zahl der Sitzplätze soll um ein Drittel erhöht werden. Außerdem soll es mehr Platz für Fahrräder geben.

Auf der Bahnstrecke Braunschweig-Helmstedt-Magdeburg sollen ab 2028 längere und bessere Züge fahren. Das haben der Regionalverband Großraum Braunschweig und die DB Regio vereinbart. Wie der Regionalverband am Montag mitteilte, soll die Zahl der Sitzplätze in den neuen Zügen um rund ein Drittel erhöht werden - auf bis zu 452 Plätze. So wolle man der hohen Nachfrage auf der Verbindung gerecht werden, sagte Verbandsdirektor Ralf Sygusch. Außerdem soll es den Angaben zufolge in den Waggons mehr Abstellplätze für Fahrräder geben. Die Züge der Regionallinie RB 40 verkehren tagsüber im Stundentakt zwischen Braunschweig und Magdeburg. Seit Dezember sind täglich noch zwei Fahrten am späten Abend hinzugekommen.",Infrastruktur,0.42504328
tagesschau_fm-story-MDR-f6f47562-b28c-4805-8137-2285d0705448,Straße im Harz wegen Eis an Stromleitungs-Seilen gesperrt,"Wegen vereister Halteseile an einer Hochspannungsleitung ist im Harz die Landstraße zwischen Hüttenrode und Almsfeld voll gesperrt worden. Der Netzbetreiber nahm die Stromleitung außer Betrieb.

Von MDR SACHSEN-ANHALT

Der Dauerfrost hat im Harz zu vereisten Halteseilen von Hochspannungsleitungen geführt und diese zu einem Sicherheitsrisiko werden lassen. Weil die Seile reißen könnten, bleibt die Landstraße L94 zwischen Hüttenrode und Almsfeld mindestens eine Woche gesperrt, wie das Infrastrukturministerium in Magdeburg mitteilte.

Leitung außer Betrieb genommen

Der Verkehr wird demnach über Blankenburg umgeleitet. Der zuständige Netzbetreiber Avacon nahm die Freileitung aus Sicherheitsgründen vorsorglich außer Betrieb. Der Eispanzer sei zu stark und die Bruchgefahr hoch, hieß es. Die Stromversorgung der Bevölkerung sei nicht in Gefahr.

Konkret befinde sich starker Eisbehang an einem Seil, das keinen Strom transportiere, sondern dem Schutz der Hochspannungsleitung diene. Sobald sich die Wetterlage verbessert, soll es eine Begutachtung und gegebenenfalls Reparatur der Leitungen geben.

dpa, MDR (Christoph Dziedo, Felix Fahnert)

MDR SACHSEN-ANHALT – Mein Radio. Mein Zuhause. | Nac",Infrastruktur,0.5750935
tagesschau_fm-story-swr-e61cd99f-8eb8-3247-9eca-ce267fdcb49b,Insider-Soldat berichtet exklusiv über Zustände in Kaserne Zweibrücken ,"In der Bundeswehrkaserne in Zweibrücken stehen Fallschirmjäger unter einem massivem Verdacht: Es geht um Drogenmissbrauch, Rechtsextremismus und Übergriffe gegen Frauen.

Von Florian Wagner

Gegen Dutzende Beschuldigte wird ermittelt, mehrere Soldaten wurden bereits entlassen. Ein Insider, der die Kaserne gut kennt, berichtete uns anonym.

Social-Media-Beitrag auf YouTube von SWR Aktuell: ""Nach Skandal bei Bundeswehr: Soldat packt aus""

Inhalt

Sexuelle Gewalt und MobbingRelativierung einiger VorfälleLeistungsdruck und Abwertung von FrauenRechtsextremismusDrogen- und AlkoholmissbrauchBlutiges Ritual ""Bloody Wings""Neues Wehrdienstmodell gerade in Kraft

Die Staatsanwaltschaft ermittelt in Zweibrücken gegen 55 Beschuldigte. 19 Fälle liegen nach Informationen aus Ermittlerkreisen bei der Staatsanwaltschaft, weitere Vorfälle werden intern durch die Bundeswehr untersucht. Bereits neun Soldaten wurden aus dem Dienst entlassen, weitere Entlassungen sind möglich. Die Vorwürfe richten sich gegen Angehörige der Luftlandetruppe. Dabei handelt es sich um eine Einheit, die im Ernstfall besonders schnell eingesetzt wird – oft auch in Auslandseinsätzen.

Vorwürfe von sexualisierter Gewalt und Mob",Infrastruktur,0.47738832
a905c94c-c1a6-4688-b784-6d5b13549d9d,Neue Frauen-Doppelspitze in der Landwirtschafts-Kammer in SH,"Stephanie Wetekam ist seit Januar 2026 neue Geschäftsführerin der Landwirtschaftskammer Schleswig-Holstein. Sie ist die erste Frau in dieser Position in der 125-jährigen Geschichte der Kammer.

Von Anke Rösler

Stephanie Wetekam holt die Gummistiefel aus dem Kofferraum und schlüpft aus den Büroschuhen. Sie will schnell reinkommen in die Themen der Landwirtschaft in Schleswig-Holstein. So wie bei einem Besuch im Betrieb von Milchviehhalter Christoph Jacobsen in Osterrönfeld (Kreis Rendsburg-Eckernförde).

Die 47-Jährige ist sofort im Gespräch mit dem Landwirt, fragt nach, hört zu, als er ihr seinen Betrieb mit Melkanlage und 330 Tieren zeigt. Ihre Familie hat selbst einen Betrieb in Nordhessen mit Ackerbau, Biogas, Nahwärmenetz und Tierhaltung. Sie sagt: ""Die Menschen hier sind neu, die Themen ähnlich - abgesehen von landesspezifischen Regelungen - ein Netzwerk aufbauen, das ist das Wichtigste für mich in den nächsten Monaten."" Es sei aber schon komisch, denn in ihrer Heimat Hessen habe sie jeden Landwirt, jeden Betrieb gekannt.

Neue Geschäftsführerin trägt Verantwortung für fast 400 Beschäftigte

Stephanie Wetekam kann beides: Praxis und Verwaltung. Im Juni 2025 ist sie von der Ha",Gesellschaft,0.47119123
tagesschau_fm-story-MDR-dc83b30b-b5bb-406b-b96d-ec06d07f5389,"Düstere Science-Fiction-Story ""GeminEye"" am Harztheater feiert Premiere","""GeminEye"" präsentiert sich als digitale Traumwelt und lockt Jugendliche, berühmt zu werden – dabei verbergen sich dahinter knallharte Konzerninteressen. Die dystopische Zukunftsvision hat am Freitag am Harztheater ihre Uraufführung, doch der Weg dahin war nicht ganz einfach.

Von Wolfgang Schilling, MDR Kulturdesk

Eine zukunftskritische Science-Fiction-Story kommt am Harztheater auf die Bühne.Die Finanzierung hat das Theater über Crowdfunding gestemmt.Unterstützung bekamen die Darstellenden von Jugendlichen.

Die einen jammern, die anderen tun etwas. Ein kleines Schauspielteam am Harztheater in Quedlinburg hat sich für letzteres entschieden und bringt nun ein Stück zur Premiere, das es eigentlich nicht hätte geben können – weil das Geld dafür fehlte.

Dunkle Virtual-Reality-Story

Die lange Geschichte beginnt vor etwa drei Jahren in den Niederlanden. Dort schreibt die Autorin Shirley Gast an einem Skript für eine sechsteilige Fernsehserie, eine Science-Fiction-Story mit starken Bezügen zur Gegenwart.

Es geht um ein High-Tech-Unternehmen namens ""GeminEye"", das eine programmierbare Kontaktlinse entwickelt, die es ihren Nutzern erlaubt, in eine digitale Welt hinter der echten einzu",Kultur,0.47837633
tagesschau_fm-story-swr-81444fbd-4a54-3d0a-aff4-d6d39700d0f4,Interview: Warum Frauen den Holocaust anders als Männer erlebten,"Hunger, Erniedrigung und Gewalt mussten alle Inhaftierten in Konzentrations- und Arbeitslagern ertragen. Frauen erlebten den Schrecken dennoch anders als Männer.

Von Jeanette Schindler

Der rheinland-pfälzische Landtag gedenkt jedes Jahr am 27. Januar der Opfer des Nationalsozialismus. Und in diesem Jahr stehen zum ersten Mal die verfolgten und ermordeten Frauen im Mittelpunkt. SWR Aktuell hat darüber mit der Historikerin, Dr. Lena Haase von der Universität Trier gesprochen. Sie forscht seit mehr als zehn Jahren zum NS-Frauenlager in Flußbach in der Südeifel.SWR Aktuell: Frau Haase, lange Zeit wurde die Verfolgung der Frauen in der NS-Zeit kaum beleuchtet. Erst mit der Frauenbewegung in den 80er Jahren hat sich die Öffentlichkeit gefragt: Wie war das eigentlich für verfolgte Frauen, was haben sie erlebt? Sie haben mehr als 1.800 Frauenschicksale erforscht, gab es da eine Gemeinsamkeit, eine Erfahrung die alle Frauen gleichermaßen gemacht haben?

Dr. Lena Haase: Eine ganz generelle Gemeinsamkeit zu nennen, ist schwierig. Aber ich würde anknüpfen an dem, was Sie gerade in der Anmoderation erwähnt haben, nämlich, dass Frauen einfach lange Zeit überhaupt gar nicht im Fokus standen - w",Gesellschaft,0.36154842
tagesschau_fm-story-swr-a70b7610-e7fa-3b7e-a3cf-0ef340803926,AfD-Austritt und monatelang nicht im Bundestag: Darum ist Sieghard Knodel abgetaucht,"Er wurde für die AfD in den Bundestag gewählt - und tauchte dort monatelang nicht auf. Auch die AfD hat der Trochtelfinger Politiker Knodel verlassen. Was steckt dahinter?

Von Ulrike Mix

Einmal hat er bislang Schlagzeilen gemacht – Sieghard Knodel aus Trochtelfingen-Mägerkingen (Kreis Reutlingen). Das war, als der frisch gewählte AfD-Bundestagsabgeordnete am 5. Mai 2025 aus der Partei austrat. Der Grund: Der Verfassungsschutz hatte die AfD wenige Tage zuvor als gesichert rechtsextremistisch eingestuft. Die Einstufung ist derzeit wegen einer Klage der Partei ausgesetzt.

Doch inzwischen stellt sich die Frage: Nimmt Knodel, der jetzt fraktionslos im Bundestag sitzt, viel Geld mit, ohne die dafür vorgesehene Leistung zu erbringen?

AfD-Aus aus betrieblichen Gründen

Der Unternehmer Sieghard Knodel kehrte der AfD im vergangenen Jahr den Rücken: Er wollte nicht wegen inhaltlicher Gründe raus aus der Partei, sondern weil sowohl Kunden als auch seine Familie ihm signalisiert hätten, dass sie nichts zu tun haben wollten mit jemandem, der in einer als rechtsextremistisch eingestuften Partei ist. Es ging Knodel also darum, das Familienunternehmen zu schützen - eine in ganz Baden-Württember",Politik,0.5438466
78f90eb8-d3e4-4f67-ab7c-534f215a2786,Streik am UKSH Kiel und Lübeck: Ver.di erhöht Druck,"Ver.di fordert mehr Lohn, höhere Zuschläge für Nachtarbeit und mehr Geld für Auszubildende. Nächste Verhandlung am 11. Februar.

Der Tarifstreit im öffentlichen Dienst der Länder spitzt sich weiter zu. Wie ver.di Nord mitteilt, wird am kommenden Dienstag und Mittwoch erneut am Universitätsklinikum Schleswig-Holstein in Kiel und Lübeck gestreikt, nachdem die Arbeitgeber auch nach zwei Verhandlungsrunden kein konkretes Angebot vorgelegt haben.

Kundgebungen in zwei Städten geplant

In beiden Städten sind Kundgebungen geplant, Patientinnen und Patienten müssen sich auf Einschränkungen einstellen - die Notfall- und Akutversorgung bleibt jedoch gesichert. Ver.di fordert sieben Prozent mehr Lohn, mindestens 300 Euro im Monat, höhere Zuschläge für Nachtarbeit sowie mehr Geld für Auszubildende. Die nächste Verhandlungsrunde ist für den 11. Februar in Potsdam angesetzt.",Politik,0.52277476
tagesschau_fm-story-swr-92a00b8e-da61-3fdd-b28f-9b56bcc944eb,Housing First in Landau: Neun Obdachlose in Wohnungen untergebracht,"Seit 2023 läuft das Obdachlosen-Projekt ""Housing First"" in Landau. Für neun Menschen konnten bereits Wohnungen gefunden werden. Doch jetzt steht die Finanzierung auf der Kippe.

Von SWR

Möglich ist das Caritas-Projekt nur dank einer Förderung des Sozialministeriums von fast 350.000 Euro über drei Jahre. Die läuft allerdings in diesem Frühjahr aus, ob sie weitergewährt wird, ist noch unklar.

Dabei ist das Projekt aus Sicht der Caritas durchaus ein Erfolg. ""Am Anfang war das Ziel, über drei Jahre mindestens acht Personen in Wohnraum zu vermitteln"", sagt Sozialarbeiter Steffen Mather: ""Das haben wir schon nach anderthalb Jahren erreicht.""

Jahrelange Obdachlosigkeit: Das macht was mit einem

Die Grundidee von Housing First ist: Jemand, der auf der Straße lebt, bekommt erstmal eine Wohnung - auch wenn er zum Beispiel ein Problem mit Alkohol hat, oder drogensüchtig ist.

Der Gedanke dahinter ist, dass der Mensch erstmal stabilisiert werden soll: Er soll ein sicheres Zuhause bekommen, dann werden die Probleme angegangen, die er vielleicht sonst noch hat. ""Das kommt vor allem für Leute in Frage, die schon lange obdachlos sind,"" sagt Sozialarbeiterin Franziska Schmidt.

Wenn jemand jahre",Vermischtes,0.30517435
tagesschau_fm-story-rbb_berlin-reinickendorf-16-jaehriger-beifahrer-stirbt-unfall-krankenhaus,16 Jahre alter Beifahrer nach Unfall in Berlin-Reinickendorf verstorben,"Etwas mehr als einen Tag nach einem schweren Verkehrsunfall in Berlin-Reinickendorf ist ein Jugendlicher gestorben. Wie die Polizei am Sonntag mitteilte, erlag der 16-Jährige am Samstagnachmittag im Krankenhaus seinen Verletzungen.

Fahrer flüchtete vom Unfallort

Der Unfall hatte sich am frühen Freitagmorgen ereignet. Dabei saß der 16-Jährige auf dem Beifahrersitz eines Autos, das auf einen geparkten Lkw auffuhr. Durch die Wucht des Aufpralls geriet der Wagen in Flammen, und der Jugendliche wurde lebensgefährlich verletzt. Er erlitt einen Schädelbasis- und Beckenbruch. Vorbeifahrende Einsatzkräfte retteten ihn aus dem Fahrzeug und reanimierten ihn - danach kam er ins Krankenhaus, wo er nun verstarb. Der Fahrer floh derweil vom Unfallort und ließ seinen schwerst verletzten Beifahrer zurück. Die Ermittlungen, insbesondere zum geflüchteten Fahrer, dauern an.

Sendung: rbb 88.8, 25.01.2026, 12:00 Uhr",Vermischtes,0.34228158
tagesschau_fm-story-MDR-effed6b2-8991-4d6b-9663-7125024a8a95,"Preisgekrönter Regisseur interpretiert ""Don Giovanni"" in Chemnitz neu","Für seine jüngste Arbeit in Chemnitz erhielt der Regisseur und Bühnenbildner Dennis Krauß den Theaterpreis ""Der Faust"". Nun bringt er Mozarts ""Don Giovanni"" an den Theatern Chemnitz auf die Bühne. Am Freitag feiert die Oper in Chemnitz Premiere. Im Gespräch erzählt Krauß, warum er in seiner Inszenierung Klassenunterschiede aufbricht, auf sichtbare Bühnenmechanik setzt und Theater für ihn ein demokratischer Raum ist. Und er verrät, warum er sich die Premiere nicht ansehen wird.

Von MDR Kulturdesk

MDR KULTUR: Wir begegnen uns vor der großen Premiere von ""Don Giovanni"" von Wolfgang Amadeus Mozart am Opernhaus in Chemnitz. Wie erzählen Sie von dieser schillernden Figur?

Dennis Krauß: Bei uns geht es in die Komödie, also ""Don Giovanni"" ist ein Dramma giocoso. Das spielt im erzkatholischen Sevilla im 16. Jahrhundert. Es ist eine absolut geordnete, präzise getaktete Gesellschaft und es gibt einen Querschläger in dieser Gesellschaft: Don Giovanni, der sich Freiheiten erlaubt, der dieses ganze System durcheinanderbringt.

Am Anfang sind die Stände fein säuberlich getrennt. Da gibt es die Bauernschicht, es gibt die Oberen, wie das Oberschichtspaar Donna Anna und Don Ottavio. Am Ende singe",Kultur,0.4811911
tagesschau_fm-story-id-cdb3129d-70c4-46b5-80ac-fcde2a23285c,Anschlag auf Café in Frankfurt: 15-Jähriger wegen versuchten Mordes angeklagt,"Nach dem Anschlag auf ein Café in Frankfurt-Bockenheim Anfang August ist ein Jugendlicher wegen versuchten Mordes angeklagt. Die Ermittler gehen davon aus, dass die Tat offenbar der organisierten Kriminalität zuzuordnen ist.

Die Staatsanwaltschaft Frankfurt hat gegen einen 15-Jährigen Anklage erhoben. Sie wirft ihm versuchten Mord, das Herbeiführen einer Sprengstoffexplosion und besonders schwere Brandstiftung vor. Das teilte die Behörde am Donnerstag mit.

Es geht um einen Anschlag in den frühen Morgenstunden des 5. August 2025 im Café Omonia in Frankfurt-Bockenheim. Der Jugendliche, der aus den Niederlanden stammt, soll eine Spreng- und Brandvorrichtung aus einer Kugelbombe und mehreren Litern Brandbeschleuniger in das Lokal geworfen haben. Darin befanden sich zu dem Zeitpunkt fünf Menschen.

Der Sprengsatz explodierte und setzte das gesamte Café in Brand. Dank seines beherzten Eingreifens, so die Staatsanwaltschaft, habe der Wirt einen Fluchtweg für seine vier Gäste und sich freigehalten und es so ermöglicht, dass alle quasi unversehrt nach draußen gelangten.

Gezielt angeleitet

Die Polizei nahm den 15-Jährigen noch am Tag der Tat fest. Der schon früh aufgekommene Verdacht, er",Innere_Sicherheit,0.45041132
699e57ed-a4c7-4f11-8262-dc4d5e29e0f0,Fragebögen der Bundeswehr werden verschickt,"Junge Menschen erhalten bald Post von der Bundeswehr. Die ersten Unterlagen, die Motivation und Eignung für den neuen Wehrdienst erheben, werden verschickt. Männer müssen antworten, Frauen können dies freiwillig tun.

Die Bundeswehr hat die ersten Fragebögen für den neuen Wehrdienst auf den Weg gebracht. Die Briefe mit den Dokumenten wurden gepackt und sollten noch heute versendet werden, wie eine Sprecherin der Nachrichtenagentur dpa bestätigte. Alle Männer und Frauen, die volljährig werden, erhalten nun in einem ersten Schritt den Fragebogen, um Eignung und Motivation für die Bundeswehr zu erheben - jene, die in diesem Jahr bereits Geburtstag hatten, erhalten ihn nachlaufend.

Briefe mit QR-Code, Broschüre und rechtliche Hinweise

Junge Männer müssen den Bogen verpflichtend ausfüllen, denn nach dem Grundgesetz ist eine Wehrpflicht nur für Männer möglich. Für junge Frauen ist dies freiwillig.

Die Briefe enthalten einen QR-Code zum eigentlichen Fragebogen sowie eine Broschüre und rechtliche Hinweise. Der Fragebogen wird online ausgefüllt. In den kommenden Monaten sollen demnach die ersten Freiwilligen ihren Dienst antreten.

Wehrdienstgesetz am 1. Januar in Kraft getreten

""700.00",Politik,0.3996746
2e044fcf-f31d-4559-a93c-a8934139d448,Block-Prozess: Mutmaßlicher Entführer spricht über Abhör-Tricks,"Im Hamburger Prozess um die Entführung der Block-Kinder hat der mutmaßliche Chef der Entführer Details enthüllt, mit welchem technischem Aufwand man versuchte, die Familie des Vaters Stephan Hensel in Dänemark zu überwachen.

""Wir haben spioniert"", sagte David B., der Chef der von der Block-Familie engagierten israelischen Sicherheitsfirma. Man habe versucht, den Internetverkehr zu überwachen und dafür einen Hacker engagiert. Auch Teile der Passwörter habe man entschlüsselt, indem man elektronische Signale vor dem Haus der Familie des Vaters in Dänemark abfing - eine Methode, die normalerweise nur professionelle Geheimdienste beherrschen.

Block soll die Aktionen gebilligt haben

Es sei schließlich nicht gelungen, E-Mails mitzulesen oder Telefonate zu überwachen, erklärte der Israeli freimütig. Die Familie zog aus dem Haus später aus. Christina Block und der ebenfalls angeklagte Unternehmensanwalt der Blocks, Andreas C., hätten das Vorgehen gebilligt.

Der Nebenklage-Anwalt des Vaters sagte, eine derartige Überwachung sei in Deutschland illegal und bestimmt auch in Dänemark. Der Anwalt von Christina Block wollte sich nicht äußern.

Prozess geht erst Anfang März weiter

In dem Proze",Innere_Sicherheit,0.39087105
tagesschau_fm-story-fussball_fc_kaiserslautern_gegen_sv_elversberg_100,Topspieldebüt für die SVE auf dem Betzenberg,"Die SV Elversberg steht noch ohne Pflichtspielsieg im Jahr 2026. Das ist Ende Januar zwar noch undramatisch, trotzdem will die SVE am 20. Spieltag der 2. Liga am Samstagabend in Kaiserslautern punkten. Es wird das erste Topspiel der Elversberger Zweitliga-Geschichte.

Von Yannick Schwarz

Voller Vorfreude blickt die SV Elversberg auf das Lokalduell beim 1. FC Kaiserslautern. „Es ist auch schon ein Highlight-Spiel. Das erste Mal 20.30 Uhr, haben wir alle logischerweise noch nicht erlebt, und auf dem Betzenberg um 20.30 Uhr – viel cooler geht es eigentlich nicht“, so SVE-Linksaußen Tom Zimmerschied im sportarena-Clubheim.

Infos zum Spiel

Wann: Samstag, 31.01.2026, 20.30 UhrWo: Fritz-Walter-Stadion KaiserslauternStream: Im Audiostream

Trainer Vincent Wagner mit DFB-Pro-Lizenz ausgezeichnet

Von der bisherigen Ergebniskrise im Jahr 2026 lassen sich die Saarländer die Stimmung also nicht kaputt machen. Auch SVE-Übungsleiter Vincent Wagner sieht den Start ins Jahr entspannt. ""Das hört sich richtig dramatisch an, dass wir dieses Jahr noch kein Spiel gewonnen haben"", so Wagner. ""Es sind ja zum Glück erst zwei Spiele – sicherlich hätten wir gerne ein Tor mehr als Bochum geschossen.""

Dam",Sport,0.60678995
392f6e33-2957-4604-96f7-14828db17f95,Beispiel Osnabrück: Bundespolitik treibt Landkreise in Schulden,"""Finanzielle Dauerkrise"": So schätzt der Landesrechnunghof die Lage der niedersächsischen Kommunen ein. Ein Beispiel für diese Entwicklung ist der Landkreis Osnabrück - mit einem Defizit von rund 50 Millionen Euro.

Nach vielen Jahren mit schwarzen Zahlen folgte schon Ende 2024 ein Defizit von knapp sechs Millionen Euro - doch nun laufe die Situation gänzlich aus dem Ruder. Die Ausgaben stiegen kontinuierlich an, teilte ein Sprecher des Landkreises mit. Die Einnahmen aber nicht. So bekomme der Landkreis immer weniger Steuergeld vom Land ab - auch weil das Wirtschaftswachstum in Deutschland stagniere.

Mehr Vorgaben vom Bund, aber nicht mehr Geld

Hinzu kämen immer neue gesetzliche Vorgaben vom Bund, die der Landkreis erfüllen und zum Teil selbst finanzieren müsse. Dabei geht es zum Beispiel um gestiegene Personal- und Energiekosten, aber auch Reformen beim Wohngeld oder der Ganztagsbetreuung. Mit der Sanierung des Kreishauses habe die Entwicklung dagegen nichts zu tun, hieß es vom Landkreis.

Landkreis: Können nicht einfach irgendwo sparen

Besonders der Bereich Jugend und Soziales macht dem Landkreis zu schaffen. Hier seien die Kosten erheblich gestiegen: Das Defizit des Landkreis",Infrastruktur,0.44588706
3f0b2e49-4042-4d03-8163-044bb26fdb98,Neustadt-Glewe: Tödlicher Unfall im morgendlichen Berufsverkehr,"Am Morgen kollidierten zwei Fahrzeuge auf eines Landesstraße zwischen Wöbbelin und Neustadt-Glewe. Für einen Fahrer kam jede Hilfe zu spät.

Zwischen Wöbbelin und Neustadt-Glewe (Landkreis Ludwigslust-Parchim) sind am Morgen gegen 7 Uhr zwei Fahrzeuge an einer Abbiegung zusammengestoßen. Nach ersten Erkenntnissen der Polizei könnte ein Vorfahrtsfehler an der Kreuzung zwischen Landesstraße 071 und der Straße Seeblick die Unfallursache gewesen sein. Trotz schneller medizinischer Hilfe konnte der Notarzt nur noch den Tod eines Autofahrers feststellen. Drei weitere Menschen wurden verletzt, zwei wurden ins Krankenhaus nach Schwerin gebracht, eine verletzte Frau in die Klinik nach Hagenow. Im Zuge der Rettungsmaßnahmen kam auch ein Hubschrauber zum Einsatz.

Totalschaden an beiden Unfallwagen

Die Landesstraße musste zwischen Wöbbelin und Neustadt-Glewe für mehrere Stunden voll gesperrt werden, bis in die Mittagsstunden, wie es von der Polizei zwischenzeitlich hieß. Die Unfallstelle kann über die Landesstraße 072 - das ist die ehemalige Bundesstraße 106 - umfahren werden. Die Kollision war so heftig, dass beide Fahrzeuge einen Totalschaden erlitten. Beziffert wurde dieser zunächst auf 2",Infrastruktur,0.5369839
tagesschau_fm-story-swr-cb5ff562-c68c-307e-905d-e6649820a3c8,Verwaltungsgericht entscheidet: Hornisgrinde-Wolf darf geschossen werden,"Der Wolf im Nordschwarzwald darf doch geschossen werden. Das Verwaltungsgericht Stuttgart hat einen Eilantrag von Naturschützern abgewiesen und gibt dem Umweltministerium Recht.

Von Heiner Kunold, Fabiola Germer, Ninja Degen

Der Wolf auf der Hornisgrinde im Nordschwarzwald darf nach längerem Streit zwischen Tierschützern und Land nun doch geschossen werden. Das hat das Verwaltungsgericht in Stuttgart entschieden. Das Landesumweltministerium hatte eine Sondergenehmigung erteilt, weil das Tier aus seiner Ansicht verhaltensauffällig ist und gezielt die Nähe von Menschen sucht.

Gericht argumentiert mit Gefahrenpotential

Das Stuttgarter Verwaltungsgericht geht davon aus, dass der Abschuss zurecht angeordnet wurde. Auch wenn bislang noch keine Menschen in Gefahr geraten seien, könne man sich nicht darauf verlassen, dass das auch so bleibt. Vielmehr müsse stets mit einer Verhaltensänderung bei dem Wolf gerechnet werden. Aufgrund der Paarungszeit der Wölfe seien zudem bis Ende März ""problematische Begegnungen"" wahrscheinlicher. Alle Versuche, den Wolf zu fangen oder zu ""vergrämen"" seien bislang ohne Erfolg geblieben. Darum dürfe nunmehr der Wolf als letztes Mittel getötet werden.

Init",Infrastruktur,0.44037065
20cd6fa9-9b3c-433a-ad21-bed6e0cb2e88,Bevölkerung zum ersten Mal seit Jahren geschrumpft,"Im Vergleich zu 2024 ist die Bevölkerung im vergangenen Jahr um rund 100.000 Einwohner zurückgegangen. Laut dem Statistischen Bundesamt lag dies insbesondere an der rückläufigen Zuwanderung nach Deutschland.

Zum ersten Mal seit fünf Jahren ist die Bevölkerungszahl in Deutschland gesunken. Nach einer ersten Schätzung des Statistischen Bundesamtes lebten zum Jahresende 2025 etwa 83,5 Millionen Menschen in Deutschland. Die Bevölkerung war damit um knapp 100.000 Personen kleiner als zum Jahresende 2024.

Zuletzt hatte es in den Jahren 2003 bis 2010 sowie im ersten Corona-Pandemiejahr 2020 Bevölkerungsrückgänge gegeben. ""Wie in allen Jahren seit der deutschen Vereinigung 1990 überstieg auch im Jahr 2025 die Zahl der Gestorbenen die Zahl der Geborenen"", berichtete das Statistische Bundesamt.

Zahl der Geburten und Nettozuwanderung gesunken

Für 2025 rechnet das Bundesamt nur noch mit 640.000 bis 660.000 Geburten. Dem stehen gut eine Million Todesfälle gegenüber. Daraus ergäbe sich für 2025 ein Geburtendefizit von 340.000 bis 360.000 Menschen.

Dieses Defizit war größer als in den Vorjahren. Gleichzeitig nahm die Nettozuwanderung deutlich ab. Somit konnte die Lücke zwischen den Geburten ",Politik,0.38986444
d73a93fe-3d98-4026-9768-65a103337f60,Neumünster: Stadt rät Eltern zu schneller Kita-Anmeldung,"Wer seine Kinder noch für dieses Jahr in einer städtischen Kita anmelden will, sollte das jetzt schnell tun.

Wer in Neumünster sein Kind noch für die Kita anmelden will, der sollte sich beeilen. Die Stadt rät Eltern ihre Kinder über das Portal des Landes Schleswig-Holstein einzutragen unter kitaportal-sh.de. Demnach hätten sich die Kitaträger in Neumünster für das neue Jahr darauf verständigt, schon Mitte bis Ende dieses Monats die Platzzusagen zu verteilen. Damit sollen Eltern früher Planungssicherheit haben, teilte die Stadt weiter mit.",Gesellschaft,0.45919108
7d9aa38e-2a65-4837-bfab-ca180fd20e95,Notzeit für Wildtiere: Jäger müssen Waldbewohner füttern,"Das Füttern von Wildtieren ist normalerweise verboten. Doch die anhaltende Kälteperiode verhindert, dass Waldbewohner genug Nahrung finden. Mit der sogenannten Notzeit können Jäger jetzt darauf reagieren.

In mehreren Landkreisen in Mecklenburg-Vorpommern ist wegen der anhaltenden Kälte die sogenannte Notzeit ausgerufen worden. Somit müssen Jäger im Kreis Ludwigslust-Parchim und Vorpommern-Greifswald nun auch Wildtiere füttern. Das ist laut Bundesjagdgesetz eigentlich verboten. Weil die Tiere wegen des langanhaltenden Frostes und des verharschten Schnees auf den Böden aber nur noch schwer an Futter kommen, sollen sie mit der sogenannten Notzeit unterstützt werden. Das gilt für sogenanntes Schalenwild wie Rehe oder Hirsche, die bei dieser Witterung besonders schwer Futter finden.

Klare Regeln für Wildtierfütterung

Jäger müssen allerdings Regeln beachten. So darf beispielsweise an einer Futterstelle im Umkreis von 200 Metern kein Wild erlegt werden. Außerdem sollen Jäger vorrangig Raufutter verwenden, zum Beispiel Heu, Stroh und Kastanien. Nass- oder Kraftfutter sowie Küchenabfälle sind verboten. Der Landkreis Nordwestmecklenburg hat diese Maßnahme noch nicht umgesetzt. Laut eines ",Vermischtes,0.34383973
2f3e4775-e18e-4bd9-8235-7ad66b87901e,S5: Parkplätze am Bahnhof Henstedt-Ulzburg wegen Bauarbeiten gesperrt,"Seit 5. Januar sind die Parkplätze an der Reumannstraße gesperrt. Die Sperrung des ersten Gleises folgt im Februar.

Der Bahnhof Henstedt-Ulzburg (Kreis Segeberg) wird für den Ausbau der Linie S5 modernisiert. Wie die AKN mitteilt, sind für die Vorbereitung der Arbeiten seit dem 5. Januar zunächst die Parkplätze im Bereich der Reumannstraße gesperrt. Autofahrende könnten auf die Parkplätze am Bahnhof Ulzburg Süd ausweichen, heißt es. Der Bahnbetrieb wird während der Bauarbeiten laut AKN weitgehend aufrechterhalten.

Kaltenkirchen direkt zum Hamburger Hauptbahnhof

Ab Februar soll zwar jeweils ein Gleis gesperrt werden, der Zugverkehr wird laut AKN jedoch auf dem anderen Gleis weiterlaufen. Reisende der Linien A1, A2 und A3 könnten den Bahnhof Henstedt-Ulzburg so weiterhin nutzen. Erst im Jahr 2027 muss der gesamte Bahnhof während der Montage der Deckenstromschiene zeitweise gesperrt werden. Der Ausbau der S5 soll voraussichtlich Ende 2028 abgeschlossen sein. Dann fahren die Züge von Kaltenkirchen direkt zum Hamburger Hauptbahnhof.",Infrastruktur,0.48469472
tagesschau_fm-story-swr-988981da-8b65-30f9-971e-983c08cdc60a,Fahrerflucht im Kreis Bad Kreuznach endet auf Bremsscheibe,"Bei Martinstein hat ein Mann sein Auto gecrasht. Statt anzuhalten, fuhr er noch kilometerweit - währenddessen flogen Reifen und Felge weg. Bis zum Zwangsstopp.

Von Judith Seitz

Augenreiben bei der Polizei in Kirn: Am Samstagmorgen meldete sich ein Autofahrer, der einen Unfall gebaut hatte. Sein Auto sei nicht mehr fahrtüchtig und stehe jetzt zwischen Monzingen und Merxheim im Kreis Bad Kreuznach.

Kein Wunder, denn vorne rechts fehlten sowohl Reifen als auch Felge. Die hatte der Fahrer unterwegs verloren und es war nur noch die Bremsscheibe übrig.

Kollision mit anderem Auto in Martinstein

Ursache für das kaputte Auto war ein Zusammenprall mit einem parkenden Auto. Wohl aus Unachtsamkeit war er zuvor in Martinstein in dieses hineingefahren.

Statt sich um den Schaden zu kümmern, war er aber einfach davongefahren. Nachdem sich nach und nach die Einzelteile des Autos verabschiedeten, blieb es nach mehreren Kilometern liegen.

Fahrerflucht beschädigt auch Straße

Die zuvor zurückgelegte Strecke hinterließ neben Fahrzeugteilen auch Schäden an der Asphaltdecke der Straße. Nach dem unfreiwilligen Halt erkannte der Fahrer schließlich seinen Fehler und meldete sich selbstständig bei der",Infrastruktur,0.5052489
0277c151-6fb2-4488-aa8f-e4cd22ebc25f,Trump rechnet mit Lösung im Grönland-Streit,"Heute Nachmittag soll Donald Trump eine Rede beim Weltwirtschaftsforum in Davos halten. Seine Abreise verlief zwar mit Hindernissen, trotzdem zeigte sich der US-Präsident mit Blick auf den Konflikt um Grönland optimistisch.

Von Nina Barth, ARD Washington

US-Präsident Donald Trump war schon auf dem Weg zum Weltwirtschaftsforum in Davos. Dann musste die Präsidentenmaschine Air Force One wieder umkehren auf den Militärflughafen bei Washington. Grund sei ein kleines elektrisches Problem an der Maschine gewesen, erklärte Trumps Sprecherin. Trump stieg in eine Ersatzmaschine und ist jetzt auf dem Weg mit etwa zweieinhalb Stunden Verspätung.

Es werde ein sehr interessantes Treffen in Davos werden, hatte der US-Präsident kurz vor dem Abflug angekündigt. Am Nachmittag wird er auf dem Weltwirtschaftsforum eine Rede halten. Zudem sind mehrere Treffen mit anderen Staats- und Regierungschefs geplant. Im Mittelpunkt dürfte dabei der Streit um das zu Dänemark gehörende Grönland stehen.

Trump bekräftigt Besitzanspruch auf Grönland

Er denke, man werde eine Lösung finden, mit der die NATO und die USA sehr glücklich sein werden, sagte Trump wenige Stunden vor seinem Aufbruch nach Davos. Er wiede",Vermischtes,0.34307587
3c145bed-90e3-4a7f-852a-5ab4225ce725,CDU will Mindestlohn-Ausnahmen für Saisonarbeiter,"Saisonarbeitskräfte in der Landwirtschaft sollen nach Willen der CDU künftig vom Mindestlohn ausgenommen werden. Sie übten keine Vollerwerbstätigkeit aus. Ähnliche Vorschläge scheiterten bislang am Widerstand der SPD.

Die CDU will offenbar einen erneuten Versuch unternehmen, Saisonarbeitskräfte in der Landwirtschaft vom Mindestlohn auszunehmen.

""Die CDU Deutschlands setzt sich dafür ein, dass für Saisonkräfte in der Landwirtschaft vom Mindestlohn abgewichen werden kann"", hieß es in einem Antrag an den Bundesparteitag im Februar in Stuttgart. Das berichtet das ARD-Hauptstadtstudio.

Die Saisonarbeiter helfen nur in Spitzenzeiten während der Ernte und übten keine Vollerwerbstätigkeit aus, hieß es in dem Antrag. ""Und zweitens kommen die Saisonkräfte aus dem Ausland, wo ein Stundenlohn unter dem Mindestlohn auch noch deutlich über den dortigen Standards liegt"", hieß es weiter. So könnten bei niedrigeren Löhnen ""sogar mehr Saisonkräfte davon profitieren"".

Deutsche Landwirte und der Bauernverband warnen schon seit Langem vor der Gefahr, dass viele ihrer Produkte wegen der hohen Löhne auch für Saisonarbeiter nicht mehr wettbewerbsfähig seien.

Widerstand der SPD

Der Bauernverband ford",Politik,0.4221512
97f7e5b0-3728-4951-bc36-8ef9914fdd7d,Originalschrift des Pommernliedes jetzt im Pommerschen Landesmuseum ,"Die Nachfahren des Theologen und Dichters Adolf Pompe haben dem Museum Erinnerungsstücke aus seinem Nachlass geschenkt.

Das Pommersche Landesmuseum in Greifswald (Landkreis Vorpommern-Greifswald) hat erstmals das Autograf des ""Pommernliedes"" der Öffentlichkeit präsentiert. Das Schriftstück ist der prominenteste Teil des Nachlasses von Adolf Pompe (1831-1889). 1882 hat er den Text für das Pommernlied geschrieben. 2025 hatten die Nachfahren des Theologen und Dichters dieses Erbe an das Museum übergeben. Erinnerungsstücke an die Studienzeit von Pompe in Halle sind dabei, weitere Briefe und Schriftstücke, Bücher und Fotografien aus der Familiengeschichte der Pompes.

Pommernlied hat hohe emotionale Bedeutung

Bei der Präsentation der neuen Sammlungsstücke am Wochenende im Museum sprach der Musikwissenschaftler Martin Löser über die Bedeutung des Pommernliedes. Es sei ein Erkennungsmerkmal für Region und Land und habe eine hohe emotionale Bedeutung, vor allem für Menschen, die nach 1945 aus Pommern vertrieben wurden. Es sei aber auch wichtig für alle Generationen und könne zur Idenfikation, Gemeinschaft und Geselligkeit beitragen: ""Und wir wären klug beraten, es breit zu pflegen, um es",Kultur,0.5446172
tagesschau_fm-story-id-b609c181-5e8f-42c8-8919-af7dc68e3618,Kommunalwahlen 1946: In den Gemeinden begann die Zukunft,"Es waren deutschlandweit die ersten demokratischen Wahlen nach der Nazi-Diktatur - die Kommunalwahlen in Hessen im Januar 1946. Bis heute halten sie einen Rekord.

Von Jonas Schulte

Januar 1946 - nach dem Zweiten Weltkrieg liegt Hessen in Trümmern. Doch bei vielen Menschen zeigt sich kurz vor den ersten Kommunalwahlen auch eine Aufbruchstimmung. Vom damaligen SPD-Ortsvereinsvorsitzenden in Reichelsheim im Odenwald, Johannes Steiger, ist ein Zitat überliefert. ""Wir alle sind beseelt von dem Willen, Deutschland und die Demokratie wieder aufzubauen"", erzählt Gerd Lode vom Regionalmuseum.

Knapp acht Monate nach Kriegsende hatten es die Amerikaner eilig mit der Demokratie. ""Die haben die Wahlen angeordnet, die Deutschen hatten sich zurückgehalten"", berichtet Historiker Walter Mühlhausen, Experte für die hessische Nachkriegszeit.

Erstmal ""wählen üben""

""Die Amerikaner wollten checken, wie die politischen Einstellungen sind und inwieweit die Deutschen bereit sind für die Demokratie"", berichtet Mühlhausen. Die Idee war, die Demokratie von unten nach oben aufzubauen und sich dann entwickeln zu lassen.

Für die Parteien und unabhängigen Kandidaten hieß es damals: Tempo machen! Zur Wahl st",Politik,0.52362114
1c45ad5a-5a26-4f44-997f-24357d708299,Nach Unfall: Schweriner Werderstraße gesperrt,"Bei einem Unfall wurde eine Person leicht verletzt. Die Schweriner Werderstraße musste am Mittwochnachmittag gesperrt werden.

Die Werderstraße in Schwerin musste am Mittwochnachmittag halbseitig gesperrt werden. Grund dafür war ein Unfall. Zwei Autos waren nach Angaben der Polizei beteiligt. Bei dem Unfall sei eine Person leicht verletzt worden. Diese wurde ins Krankenhaus gebracht. Aufgrund der Bergungsarbeiten musste die Werderstraße in Richtung Güstrow gesperrt werden - die Sperrung dauerte bis zum späten Mittwochnachmittag. Angaben zur Schadenshöhe konnte die Polizei noch nicht machen.",Infrastruktur,0.5330158
tagesschau_fm-story-id-02fff2dc-06e6-4f63-9820-034e6d942779,Amtsgericht: Richter aus Kassel wegen sexueller Übergriffe angeklagt,"Ein hoher Richter soll einer Proberichterin gegenüber übergriffig geworden sein. Das ist der schwere Vorwurf gegen den ehemaligen Vizepräsidenten des Kasseler Amtsgerichts. Er musste den Posten räumen.

Von Heike Borufka

Die Gießener Staatsanwaltschaft wirft dem Juristen sexuelle Nötigung, schwere sexuelle Belästigung und besonders schwere Nötigung in insgesamt vier Fällen vor. Sie hat deswegen Anklage gegen den 56-Jährigen erhoben. Die Behörde bestätigte entsprechende hr-Informationen.

Der Mann soll seine besondere Stellung am Amtsgericht Kassel ausgenutzt und zwischen September 2023 und Februar 2025 eine Probe-Richterin massiv belästigt haben. Seit September 2025 ist er nach Auskunft des Justizministeriums nicht mehr als Richter tätig. Er sei an eine Verwaltungsbehörde abgeordnet worden.

Mehr Details will weder das Ministerium noch die ermittelnde Behörde mit Hinweis auf die Persönlichkeitsrechte des Angeschuldigten nicht nennen.

Vorwürfe von weiteren Frauen

Die Generalstaatsanwaltschaft Frankfurt verwies den Fall an die Staatsanwaltschaft Gießen, nachdem die frühere Proberichterin Anzeige erstattet hatte.

In einem anonymen Schreiben an den hr belasten weitere Frauen den fr",Innere_Sicherheit,0.43918583
b9efc0ef-c12c-47cf-b041-4390dbab1855,"Dobrindt sieht ""keinen Änderungsbedarf"" ","Der Wirtschaftsflügel der Union will den Rechtsanspruch auf Teilzeit einschränken. Innenminister Dobrindt lehnt den Vorstoß jedoch ab. Er gehe an den Lebensmodellen vieler Menschen vorbei. Auch aus der CDU kommt Kritik.

Bundesinnenminister Alexander Dobrindt lehnt den Vorschlag der Mittelstands- und Wirtschaftsunion ab, das Recht auf Teilzeit einzuschränken. ""Ich sehe da keinen Änderungsbedarf"", sagte Dobrindt dem Sender ntv. Die Arbeitszeit sei etwas, was sehr individuell entschieden werde, so der CSU-Minister - jeder entscheide selbst, wie viel er heute arbeiten wolle und könne.

Er glaube nicht, dass aus dem Vorstoß ein politisches Programm werden werde. Sein Maßstab sei eher die Flexibilisierung der Arbeitszeit. Er glaube, dass man weg müsse vom Acht-Stunden-Tag und hin zu einer Wochenarbeitszeit. ""Das kommt, glaube ich, dem Lebensgefühl der Menschen näher.""

Der Wirtschaftsflügel der CDU will den Teilzeitanspruch von Arbeitnehmern begrenzen. In dem Antrag für den Bundesparteitag im Februar fordert er, dass der bisher geltende Rechtsanspruch auf Teilzeit künftig nur bei ""Vorliegen einer besonderen Begründung gelten"" solle. Dazu zählten etwa die Erziehung von Kindern, die Pfleg",Politik,0.5357324
8e47026d-462d-4518-9128-ae41261bc027,Wolgast: Historischer Lotsenturm wird nachgebaut,"Die Stadtvertreter entschieden sich mit knapper Mehrheit dafür. Ein Lotsenturm prägte bis zu Beginn des 20. Jahrhunderts das Stadtbild.

Nach historischem Vorbild soll in Wolgast (Landkreis Vorpommern-Greifswald) ein Lotsenturm nachgebaut werden. Das dreietagige Gebäude soll im Stadthafen entstehen, teilt die Stadtverwaltung mit. Die Stadtvertreter hatten am Montagabend dafür gestimmt, mit 13:10 Stimmen. Sie diskutierten zuvor heftig. Kritiker führten die Haushaltssituation ins Feld. Bei Gesamtkosten von 477.000 Euro käme auf die Stadt ein Eigenanteil von zirka 200.000 Euro zu, plus Folgekosten. Auch sei bisher noch kein barrierefreier Zugang eingeplant. Befürworter argumentierten, dass der Hafen ein wichtiges Highlight bekäme.

Auch heiraten im Lotsenturm möglich

Das dreietagige Gebäude soll nicht nur touristisch, sondern auch als Standesamt genutzt werden. Bis Anfang des 20. Jahrhunderts stand ein Lotsenturm am Wolgaster Hafen. Die Idee, ihn wieder aufzubauen, gibt es seit zehn Jahren. Damals sollte der Bau privat finanziert werden. Der Investor zog sich aber 2024 zurück. Die Stadt ist nun selbst Projektträger. Wegen der Baukosten könnte es erneut eine Abstimmung in der Stadtver",Infrastruktur,0.39787266
tagesschau_fm-story-rbb_kein-ringbahn-halt-bahnhof-berlin-wedding-brandstiftung,Brandschäden: Ringbahn hält bis Anfang Februar nicht am Bahnhof Wedding,"Die Einschränkungen am S-Bahnhof Wedding infolge eines mutmaßlichen Brandanschlags an Silvester dauern noch bis mindestens Anfang Februar an. Bis dahin halten die Linien der Ringbahn nicht am Bahnhof, wie die Bahn am Montag mitteilte. Fahrgäste vom und zum Gesundbrunnen sowie Westhafen sind daher weiterhin auf den Ersatzverkehr mit Bussen angewiesen. Unterbrochen ist die Ringbahn nicht. Sie hält aber nicht am Bahnhof Wedding.

Bahn geht von Brandstiftung aus

In der Neujahrsnacht war der Bahnsteig des S-Bahnhofs durch ein Feuer stark beschädigt worden. Die Bahn geht von Brandstiftung aus. ""Das Bahnsteigdach, das ehemalige Aufsichtsgebäude, Beleuchtungs-, Beschallungs- sowie weitere elektrische und telekommunikative Anlagen wurden zum Teil zerstört"", hieß es. Der Schaden dürfte der Bahn zufolge bei rund 300.000 Euro liegen. Bis Anfang Februar sollen nun provisorische Technik- und Beleuchtungsanlagen eingebaut werden. Außerdem müssten beschädigte Bauteile gesichert und verunreinigte Flächen gesäubert werden. Der vorgesehene Zeitplan sei auch abhängig von der Witterung hieß es, kann sich also noch verschieben.

Sendung: rbb24 Inforadio, 12.01.2026, 18 Uhr",Infrastruktur,0.4816626
ccf4ab0e-f075-415d-a8a8-a02f9f91fc13,Glatteis und Eisregen im Nordosten,"Der Winter hat den Norden Deutschlands weiter fest im Griff. Vor allem im Nordosten ist es glatt. Am Morgen stoppte der Flughafen BER den Betrieb, inzwischen starten und landen dort wieder Maschinen.

Glatte Gehwege und Straßen, Eisregen und schlechte Sicht wegen Nebels: Am frühen Morgen hat sich der Winter im Nordosten von seiner garstigen Seite gezeigt. Eine Unwetterwarnung sprach der Deutsche Wetterdienst (DWD) für die Mecklenburger Seenplatte bis zur Ostsee aus, dort drohe gefrierender Regen mit Eisansatz. Weiter südlich gebe es Glatteis. Die Lage dürfte sich demnach im Tagesverlauf bei Temperaturen um den Gefrierpunkt langsam entspannen. Vereinzelt könne noch Schneegriesel fallen.

Betroffen vom Winterwetter ist auch der Hauptstadtflughafen BER. Am frühen Morgen wurden alle Flüge vorerst gestrichen. Der Winterdienst  habe die Startbahnen die gesamte Nacht über mit Enteisungsmittel behandelt, aber ohne Erfolg, sie seien spiegelglatt, hieß es von der Flughafengesellschaft. Bis zum Mittag gab es keine Starts und Landungen.

Inzwischen hat der Flughafen den Betrieb wieder aufgenommen. Es kommt aber weiterhin zu massiven Verspätungen und Flugstreichungen. Die Enteisung dauere entsp",Infrastruktur,0.56430626
bd47517a-4c5b-4145-a452-fccec04c9914,Zoogenehmigung für den Wildpark Müden nur unter Auflagen,"Rund 56.000 Euro soll der Park gegenüber dem Landkreis Celle als Auflage erbringen - falls der Park aufgelöst werden muss.

Der Landkreis Celle hat die Erteilung einer Zoogenehmigung für den Wildpark Müden unter Auflagen angekündigt. Laut Landkreis muss der Betreiber des Wildparks nun eine Sicherheitsleistung von 55.600 Euro hinterlegen. Diese Summe soll finanziellen Schutz bieten, falls der Park aufgelöst werden muss. Den Angaben zufolge ist jedoch keine Hinterlegung in bar erforderlich – auch eine Grundschuld oder eine Bankbürgschaft wären akzeptabel. Gegen diese Forderung des Landkreises hat der Wildpark nun die Möglichkeit, Rechtsmittel einzulegen. Auf Anfrage des NDR Niedersachsen erklärte der Betreiber des Parks, man habe den Landkreis noch einmal um ein Gespräch gebeten. Die Mitteilung der Verwaltung werde man jetzt zwar durcharbeiten, das Problem sei aber nicht gelöst. Bereits in der Vergangenheit gab es zwischen dem Wildpark Müden und dem Landkreis Celle Streitigkeiten darüber, unter welchen Bedingungen der Park seine Zoogenehmigung erhält.",Vermischtes,0.25920674
tagesschau_fm-story-william_turner_ausstellung_luxemburg_100,Bilder des legendären Malers William Turner bald in Luxemburg zu bewundern ,"Es wird wohl das Kunstereignis 2026 in der Großregion werden: die Ausstellung mit Werken des legendären britischen Malers William Turner in der Villa Vauban in Luxemburg-Stadt. Ein Blick hinter die Kulissen.

Von Reporterin: Barbara Grech/ Onlinefassung: Nadja Schmieding

In Zusammenarbeit mit der ""Tate Britain"" werden Werke des Künstlers und seiner Zeitgenossen gezeigt, die die ""Grand Tour""- also die Bildungsreisen der jungen Adeligen durch Europa im 18. und 19. Jahrhundert - thematisieren. Die Vorbereitungen für diese große Ausstellung haben bereits begonnen und der Kurator der Ausstellung von der ""Tate Britain"" war bereits in Luxemburg.

David Blayney-Brown gilt als einer der führenden Turner-Spezialisten weltweit, hat unzählige Bücher über den eigenwilligen, aber wegweisenden Künstler geschrieben und hat diese Ausstellung, die ab dem 4. Juli zum ersten Mal weltweit gezeigt wird, konzipiert.

Künstler auf Tour mit den Adeligen

Als ""Grand Tour"" wird die Bildungsreise der Adeligen durch Europa bezeichnet, in deren Schlepptau: britische Künstler. Damals wurden die jungen, wohlgestellten Gentleman von ihren Eltern auf die Reise geschickt, um die Geschichte und Kunst der Antike zu s",Kultur,0.4654609
a952036e-2c9a-43a3-b94f-bf2012d42da5,Neue Regionalzüge für Niedersachsen kommen noch später als geplant,"Bahnreisende müssen sich weiter gedulden: Die Lieferung neuer Regionalzüge des Herstellers Alstom für das sogenannte Expresskreuz Bremen-Niedersachsen verzögert sich erneut. Die neue Auslieferung ist für Herbst geplant.

Ursprünglich sollten die ersten der insgesamt 34 Doppelstockzüge im ersten Quartal dieses Jahres ausgeliefert werden. Doch daraus wird nichts. ""Eine Auslieferung ab März halten wir nach aktuellem Stand nicht mehr für realistisch"", teilte eine Sprecherin der Landesnahverkehrsgesellschaft Niedersachsen (LNVG) mit. Am Bau der Züge liegt es demnach nicht. Verzögerungen gebe es vielmehr bei der behördlichen Zulassung, damit Fahrgäste mitfahren dürfen, sagte die Sprecherin. Die LNVG geht eigenen Angaben zufolge dennoch davon aus, dass Alstom im Laufe dieses Jahres sämtliche Fahrzeuge liefern wird.

Auslieferung der neuen Züge für Herbst geplant

Bereits im November 2024 hatte Alstom eine Verzögerung angekündigt und damals Materialengpässe als Grund genannt. Zu diesem Zeitpunkt hieß es, dass bis März 2026 zunächst 20 Züge zur Verfügung stehen sollen, die restlichen sollten bis Ende 2026 folgen. Die Fahrzeuge waren ursprünglich für den Einsatz ab Dezember 2024 vorgesehen. ",Infrastruktur,0.44637808
dd90a1c4-e971-45e8-ae31-f2d206bfd6b9,42-Jährige in Hannover getötet - Ehemann unter Verdacht,"Eine 42 Jahre alte Frau ist im Stadtteil Groß Buchholz in Hannover am Freitag getötet worden. Verdächtigt wird nach Angaben der Polizei der Ehemann der Getöteten.

Ein Notruf war am Freitagmorgen gegen 9.05 Uhr bei der Polizei eingegangen - es ging demnach um eine Auseinandersetzung in einer Wohnung in Groß Buchholz. Vor Ort angekommen, fanden die Beamten die verletzte Frau vor. Reanimationsmaßnahmen brachten laut Polizei keinen Erfolg, auch ein Notarzt konnte nur noch den Tod feststellen.

Messer bei Ehemann gefunden - Tatwaffe?

Wenig später sei wegen eines Schwerverletzten auf der A2 ein weiterer Notruf eingegangen, heißt es in einer Mitteilung der Beamten. Bei ihm soll es sich um den 43 Jahre alten Ehemann der Getöteten handeln - die Polizei geht auf Basis erster Erkenntnisse davon aus, dass er auf der Autobahn einen Suizidversuch unternahm. Bei ihm sei ein Messer gefunden worden. Ob es sich dabei um die Tatwaffe handle, ist noch unklar. Gegen den 43-Jährigen wird ermittelt. Zeuginnen und Zeugen, die Hinweise zu dem Vorfall geben können, werden gebeten, sich beim Kriminaldauerdienst Hannover unter der Telefonnummer (0511) 1 09 55 55 zu melden.",Vermischtes,0.29908922
098b04b1-12e2-4170-8d92-11e473e81575,Greifswalder FC bereitet sich mit neuem Trainer auf Rückrunde vor,"Björn Lipfert trainiert den GFC zum ersten Mal. Er soll die Fußballmannschaft vor dem Abstieg bewahren.

Der Fußballregionalligist Greifswalder FC (Landkreis Vorpommern-Greifswald) ist am Dienstag wieder in die Vorbereitung für die Rückrunde gestartet. Die erste Trainingseinheit in der Winterpause leitete der neue Cheftrainer Björn Lipfert. Er soll dafür sorgen, dass der GFC in dieser Saison die Klasse hält. Der 44-Jährige trainierte zuletzt drei Jahre langeine Mannschaft in der zweiten lettischen Liga. Zum Beginn der Winterpause im Dezember übernahm er nun die Greifswalder Mannschaft. Die steht nach einer enttäuschenden Hinrunde auf Tabellenplatz 14 und steckt im Abstiegskampf. ""Ich habe jetzt auch den Jungs gesagt, dass die hier keiner in eine Schublade steckt. Was ich die letzten beiden Tage gesehen habe, hat mir sehr gut gefallen"", so Trainer Lipfert zum NDR.

Kaderplanung beim Greifswalder FC ungewiss

Ob er seine Mannschaft mit Neuzugängen verstärken kann, ist noch nicht bekannt. Verantwortlich für die Kaderplanung ist Greifswalds Sportchef Roland Kroos: ""Wir sind in Gesprächen. Klar ist, dass wir nur neue Spieler nach Greifswald holen können, wenn alte gehen."" In der Winterp",Sport,0.48198253
e2ecae95-0247-4401-98f3-f451d5320c20,Falsche Vorwürfe und KI-generierte Fakes,"Die Veröffentlichung zahlreicher Dokumente der Epstein-Akten sorgt für hitzige Diskussionen im Netz. Doch darunter mischen sich auch KI-generierte Bilder und falsche Vorwürfe - etwa gegen Merkel und Stephanie zu Guttenberg.

Von Pascal Siggelkow, ARD-faktenfinder

""Angela Merkel wird über 300 mal in den Epstein-Akten erwähnt. Björn Höcke kommt in den Epstein-Akten gar nicht vor. Die Implikationen sollten klar sein"", schreibt ein Nutzer auf der Plattform X. Auch andere Nutzer erwähnen, dass die ehemalige Bundeskanzlerin Angela Merkel in den Epstein-Akten vorkommt und beschuldigen unter anderem die öffentlich-rechtlichen Medien, das zu verschweigen. Dabei geht aus den bislang veröffentlichten Dokumenten jedoch überhaupt nicht hervor, dass Merkel in irgendeiner Form in die Machenschaften des Sexualstraftäter Jeffrey Epstein involviert war.

Zwar stimmt es, dass Merkel in den veröffentlichten Dokumenten 314 Mal erwähnt wird, allerdings handelt es sich dabei vor allem um Nachrichten-Newsletter, in denen über sie berichtet wird. In vielen weiteren Mails zwischen Epstein und dem ehemaligen Chefstrategen von US-Präsident Donald Trump, Steve Bannon, äußern sich die beiden abfällig über Merk",Vermischtes,0.30443737
tagesschau_fm-story-swr-a59036f0-9b17-30fe-9d8d-d0ba7d8375e7,Bundesbank in Mainz tauscht Millionen D-Mark in Euro um,"Seit 24 Jahren gibt es inzwischen das Euro-Bargeld. Doch immer noch werden jedes Jahr Millionen D-Mark bei der Bundesbank in Mainz zurückgegeben oder in die Filiale geschickt.

Von SWR

Wie viel Geld wurde 2025 getauscht?Ist der Umtausch auch per Post möglich?Was passiert mit den alten Scheinen?Wo und bis wann kann ich D-Mark tauschen?Wie viel D-Mark ist noch nicht getauscht?

In den Filialen der Bundesbank in Rheinland-Pfalz und im Saarland sind im vergangenen Jahr mehr D-Mark in Euro gewechselt worden als ein Jahr zuvor. Umgetauscht wurden Scheine und Münzen im Gesamtwert von gut 7,6 Millionen D-Mark. Im Jahr 2024 waren es rund 7,2 Millionen D-Mark. Bundesweit tauschte die Bundesbank im Jahr 2025 knapp 53,1 Millionen D-Mark um.

Bis zu 50 Umtauschgeschäfte am Tag in Mainz

Bei der Bundesbank-Filiale in Mainz kommen täglich Menschen an den Schalter, um alte Münzen oder Scheine zu tauschen. ""Mal sind es nur wenige, mal bis zu 50 Umtauschgeschäfte an einem Tag"", sagt Michael Schiff von der Bundesbank dem SWR. Rund 1,2 Millionen Mark wurden alleine hier am Schalter im vergangenen Jahr getauscht.

Mainzer Bundesbank-Filiale tauscht auch per Post um

Außerdem ist die Mainzer Filiale fü",Infrastruktur,0.45383155
d5f91cc6-929d-477c-b759-15e7ceaadd9a,Lübeck: Heizungsprobleme belasten Schulen,"Alte Heizungsanlagen führen an mehreren Lübecker Schulen zu Ausfällen. Kurzfristige Lösungen sollen Unterricht sichern.

Heizungsprobleme an mehreren Lübecker Schulen sorgen weiter für Unruhe bei Eltern und Schülern. Am Montag waren die Oberschule zum Dom, die Domschule sowie die Friedrich-List-Schule betroffen, an der Ahornschule blieben ebenfalls einige Klassen kälter als sonst. Besorgte Eltern hatten sich bei NDR Schleswig-Holstein gemeldet, weil sie sich im Stich gelassen fühlten. Laut Stadt liegt die Ursache in der veralteten Heizungsanlage, die drei Gebäude versorgt und mit den kalten Temperaturen der letzten Tage überfordert war. Fachleute prüfen nun die Ursache, Elektroheizungen sorgen vorübergehend für Wärme.

Strukturelle Probleme durch veraltete Technik

Die Hansestadt erklärt, dass viele Schulgebäude inzwischen das technische Lebensalter ihrer Heizungen überschritten hätten. Wartungen würden regelmäßig durchgeführt, können aber verschleißbedingte Ausfälle nicht verhindern. Auch die Verfügbarkeit von Ersatzteilen nehme ab. Dieser Zustand sei insbesondere dem hohen Instandhaltungsstau aufgrund unzureichender finanzieller und personeller Ressourcen über Jahrzehnte geschuld",Infrastruktur,0.47165027
tagesschau_fm-story-swr-2aef7590-1dfd-33e9-b303-02d2598ecdca,Mann stürzt in eiskalte Nahe - Suche vorerst eingestellt ,"Rettungskräfte haben stundenlang nach einem 63-Jährigen gesucht, der bei Bad Sobernheim (Kreis Bad Kreuznach) in die Nahe gestürzt ist. Taucher und Drohnen waren im Einsatz - bislang ohne Erfolg.

Von Vanessa Siemers, Katja Jorwitz

Zeugen hatten am Donnerstagvormittag die Rettungskräfte alarmiert. Sie hatten beobachtet, wie der Mann bei Reinigungsarbeiten im Industriegebiet von Bad Sobernheim in die Nahe gestürzt war. Als der 63-Jährige einen Baum fällen wollte, war er wohl ausgerutscht und ins Wasser gefallen. Seitdem sei der Mann nicht mehr gesehen worden, so die Polizei in Kirn.

Schwierige Bedingungen erschweren die Suche

Mit Tauchern und Drohnen haben Polizei, DLRG und Feuerwehr nach dem 63-Jährigen gesucht. Mehr als 100 Rettungskräfte seien ausgerückt, wie ein Sprecher des Katastrophenschutzes des Landkreises Bad Kreuznach sagte. Auch Spezialfahrzeuge, mit denen die schwer zugänglichen Uferbereiche abgesucht werden können, waren im Einsatz - allerdings ohne Erfolg.

Suchaktion eingestellt - Mann bleibt vermisst

Inzwischen wurde die Suchaktion eingestellt. Ob sie Freitagfrüh fortgesetzt wird, steht noch nicht fest. Denn die Überlebenschancen bei dem kalten Wetter und eisige",Vermischtes,0.3266613
5724f3e9-a695-4559-91b6-cdcc3eb8ba30,Weniger Schulabgänger finden in Hamburg einen Ausbildungsplatz,"Von der Schule direkt in die Ausbildung: Das haben im vergangenen Jahr 39 Prozent aller Hamburger Stadtteilschülerinnen und -schüler geschafft, die nach der zehnte Klasse  abgegangen sind. Das ist der schlechteste Wert seit Jahren, bestätigte die Schulbehörde auf Nachfrage des NDR Hamburg.

Keine Jugendliche und kein Jugendlicher sollen verloren gehen. Mit diesem Anspruch war der frühere Hamburger Bürgermeister Olaf Scholz (SPD) angetreten. Sein Ziel: mithilfe der Jugendberufsagenturen den Übergang von Schule in Ausbildung zu verbessern. Das war dem Hamburger Senat lange Zeit auch gelungen. Inzwischen gibt es aber wieder einen Abwärtstrend.

Schulbehörde: Lage auf dem Ausbildungsmarkt schwierig

Im vergangenen Jahr hatten nur noch 39 Prozent der Jugendlichen den direkten Übergang von der Schule in eine Berufsausbildung geschafft. Das sind fünf Prozentpunkte weniger als im Jahr 2023. Die zuständige Schulbehörde begründet das mit einer schwierigen Lage auf dem Ausbildungsmarkt und der steigenden Zahl an Jugendlichen, die einen Ausbildungsplatz suchen.

Hamburgs Linke befürchtet Verfestigung des Trends

Allerdings hatte die Behörde den Abwärtstrend in einer Pressemitteilung nur am Ran",Gesellschaft,0.42555922
tagesschau_fm-story-swr-1ad65ca6-e5a8-3e50-8b06-453f5aa5ff00,Interview: Auslandssemester in den USA für RPTU-Studis noch attraktiv?,"Einreiseverbote trotz Visum, unklare Finanzierung und politische Unberechenbarkeit verunsichern Studierende der RPTU Kaiserslautern mit Studienplänen in den USA.

Von Viktoria Machleidt

Die USA zählen eigentlich zu den beliebtesten Zielen für deutsche Studierende im Ausland. Doch viele denken inzwischen zweimal darüber nach, ob sie das Risiko eines Aufenthalts in den Staaten eingehen. Wie groß ist das Interesse an einem USA-Studium an der RPTU noch? Das haben wir Dr. Parya Memar gefragt, Leiterin des Referats Internationale Angelegenheiten an der RPTU Kaiserslautern.

SWR Aktuell: Ist ein Auslandsaufenthalt in den USA bei Studierenden noch immer heiß umkämpft?

Dr. Parya Memar: Die Verunsicherung bei den Studierenden merken wir schon. Wir beobachten, dass es drei verschiedene Kategorien gibt, weshalb sich manche Studierenden die Frage stellen, ob sie noch in die USA wollen. Erstens sind letztes Jahres tatsächlich einige Studierende – obwohl sie ein Visum hatten - an der Grenze zurückgeschickt worden. Das waren zwar Einzelfälle, trotzdem hat das natürlich auch die Zielgruppe verunsichert, sodass sie gesagt haben: Selbst wenn ich ein Visum erhalte, habe ich keine Sicherheit, dass ic",Politik,0.3764177
tagesschau_fm-story-swr-0a6039d5-edb3-3f9f-ae28-a6347fccb572,"Nach Messerangriff in Ulmer Media Markt: ""Es ist ein Schockmoment für alle""","Ein Tag nach dem Messerangriff im Media Markt in Ulm sitzt der Schock bei allen Betroffenen tief. Der Elektronikfachmarkt bleibt am Donnerstag geschlossen, das Motiv der Tat ist noch immer unklar.

Von SWR

Nach dem Messerangriff am Mittwoch im Media Markt in Ulm zeigt sich das Unternehmen erschüttert: Einer ihrer Mitarbeiter sei bei der Tat lebensgefährlich verletzt worden, ein weiterer leicht verletzt, teilte eine Sprecherin des Unternehmens mit. Nach dem Angriff stellte die Polizei den mutmaßlichen Täter in der Nähe des Elektronikfachmarktes mit mehreren Schüssen. Der 29-jährige Flüchtling aus Eritrea liegt schwer verletzt auf einer Intensivstation.

Ulmer Media Markt am Donnerstag noch geschlossen

""Wir sind erschüttert über diesen tragischen Vorfall"", heißt es von Unternehmensseite. ""Unsere Gedanken sind bei den Verletzten, ihren Familien, Angehörigen und Freunden sowie unseren Kollegen."" Man sammle derzeit alle notwendigen Informationen, um einen umfassenden Überblick über die Gesamtlage zu erhalten. Am Donnerstag bleibt der Elektronikfachmarkt noch geschlossen.

Die Mitarbeitenden würden seit der Tat von der Notfallseelsorge betreut. ""Wir stellen eine weitere Betreuung siche",Vermischtes,0.26181138
tagesschau_fm-story-id-196a5c5f-8c53-4f5e-9754-0528bd6f5b79,Hanau: Trickbetrüger erbeuten Schmuck und Gold im Wert von 150.000-Euro,"Immer wieder warnt die Polizei, doch Telefonbetrügern gelingt es trotzdem regelmäßig, hohe Summen zu erbeuten: Jetzt traf es ein Ehepaar in Hanau besonders schlimm.

Über zwei Tage lang haben Kriminelle laut Polizei Druck auf ein Ehepaar im Raum Hanau ausgeübt, bis der Mann und die Frau am Mittwoch Goldmünzen und Schmuck im Wert von 150.000 Euro an die Täter herausgaben.

Die Kriminellen hatten sich nach Angaben der Ermittler am Telefon als Polizisten ausgegeben. Eine nahe Angehörige habe einen tödlichen Verkehrsunfall verursacht, logen sie, eine drohende Untersuchungshaft könne nur mit einer Kaution verhindert werden.

Die Täter hätten immer wieder mit dem Ehepaar telefoniert und mit der erlogenen Geschichte enorm Druck aufgebaut, berichtete die Polizei.

Mehrere Übergabetreffen vereinbart

Zum ersten Mal kontaktierten die Kriminellen das Paar demnach schon am Dienstagabend. Am gleichen Abend noch habe das Paar einen Teil der Wertgegenstände an einen Mann in Hanau-Klein-Auheim übergeben.

Am Folgetag hätten die Trickbetrüger den Mann und die Frau dann durch Anrufe zu zwei weiteren Treffen gedrängt: am Vormittag in Frankfurt-Höchst und am Nachmittag in der Jahnstraße in Hanau.

Noc",Vermischtes,0.1983585
f8f79c7e-d0c7-4708-a121-08d138e82260,Norderstedt: Abholung von Weihnachtsbäumen verzögert sich,"Als Grund nannte die Stadt die aktuelle Witterung sowie defekte Fahrzeuge. Ein angemietetes Fahrzeug soll aushelfen.

Weihnachten ist zwar einen Monat her, dennoch liegen in Norderstedt (Kreis Segeberg) immer noch viele Weihnachtsbäume am Straßenrand. Denn die Abholung durch das Betriebsamt verzögert sich. Als Grund nannte die Stadt auf NDR-Anfrage die aktuelle Witterung, durch die nicht alle Nebenstraßen befahrbar seien. Auch seien beide Fahrzeuge, die für die Abholung vorgesehen sind, wegen eines Defekts ausgefallen. Zwar habe man ein weiteres Fahrzeug angemietet, dennoch komme es zu Verzögerungen. Innerhalb der kommenden zwei Wochen sollen alle Bäume abgeholt werden, so die Einschätzung der Stadt Norderstedt.",Infrastruktur,0.46911025
e718977e-8700-4414-8e97-dbbc4f536aee,Schleswig-Holstein aktuell: Nachrichten im Überblick,"Nachrichten aus Schleswig-Holstein vom 12. Januar 2026 - kompakt und aktuell im Newsblog von NDR SH: Lesen Sie hier im Überblick, was im Land passiert und noch wichtig wird.

Das Wichtigste in Kürze:

Glätteunfälle auf Autobahnen in SHPolitiker und Verbände fordern, Zugausfälle aufzuarbeitenLandesbibliothek kauft verloren geglaubtes Werk von StormBussard steckt nach Kollision mit Auto in Kühlergrill festUnwetterwarnung vor Glatteis in Schleswig-HolsteinEisbrecher auf Elbe unterwegsMerz zu Besuch in Indien: U-Boot Deal für TKMS?Kieler-Woche-Organisatoren suchen Maskottchen für ParadeMehr Übernachtungsplätze für obdachlose Menschen in LübeckZwei Brände am Wochenende in DithmarschenFrost bringt Landwirten teilweise mehr ErntePlattdeutscher Schreibwettbewerb ""Vertell doch mal"" gestartetKioskbrand in Schleswig: Feuerwehr erfolgreichDas Wetter in Schleswig-Holstein

19:03 Uhr - Viele Glätteunfälle in SH - Sperrungen auf A7, A23 und A210

Auf den Straßen in Schleswig-Holstein ist es am Montag zu zahlreichen Glätteunfällen gekommen. An einem Unfall auf der A7 bei Quickborn (Kreis Pinneberg) waren insgesamt sechs Fahrzeuge beteiligt. Die Behörden sperrten die A7 in Richtung Hamburg, die A23",Infrastruktur,0.7336066
66b2d255-636e-4e7f-ba58-c7275266916a, Hafenrekord in Rostock: Doch US-Sanktionen bedrohen Ölumschlag,"Der Rostocker Hafen vermeldet einen Rekordumschlag. Doch während Passagierzahlen und Investitionen steigen, könnten US-Sanktionen ab Mai die Ölversorgung der Raffinerie PCK-Schwedt gefährden. Die Politik kämpft nun gegen die Zeit.

Von Juliane Mau

Der Rostocker Überseehafen trotzt dem wirtschaftlichen Trend: Zum dritten Mal in Folge knackt der größte Hafen Mecklenburg-Vorpommerns die 30-Millionen-Tonnen-Marke beim Warenumschlag. Das teilten die Hafenchefs heute auf ihrer Bilanz-Konferenz mit. Doch während der Hafen seinen Erfolg feiert, bedroht ein geopolitischer Konflikt diesen Kurs. Grund dafür: Das Tauziehen um mögliche US-Sanktionen gegen zwei Tochterunternehmen des russischen Konzerns Rosneft. Und diese Sanktionen könnten schon ab Mai die strategisch wichtigen Rohölimporte für die Raffinerie PCK Schwedt gefährden - ein Geschäftsbereich, der immerhin ein Fünftel des gesamten Rostocker Hafenumschlags ausmacht.

US-Sanktionen bedrohen Ölumschlag

Und darum geht es: Das Unternehmen Rosneft ist der Mehrheitsanteilseigner der PCK-Raffinerie in Schwedt und war in der Vergangenheit der Hauptlieferant von Rohöl über die Druschba-Pipeline nach Schwedt. Nach dem Embargo gegen russisches",Vermischtes,0.3496431
f6f73bbc-0b7f-465b-bd67-90bc61199f9e,Wolgast: Brand in einem Garagenkomplex ,"Zum Wochenstart musste die Feuerwehr in Wolgast zu einem Brand ausrücken. Eine Doppelgarage stand in Flammen.

Am frühen Montagmorgen gab es in einem Garagenkomplex in der Heberleinstraße in Wolgast (Landkreis Vorpommern-Greifswald) einen größeren Brand. Zahlreiche Einsatzkräfte von Feuerwehr, Polizei und Rettungsdienst eilten nach dem Notruf zum Einsatzort. Neben der Wolgaster Feuerwehr waren auch mehrere umliegende Wehren an den Löscharbeiten beteiligt. Nach ersten Informationen war eine Doppelgarage von dem Feuer betroffen. Mindestens zwei Garagen brannten vollständig aus. Davon betroffenen waren unter anderem ein Motorrad sowie ein Anhänger, die beide durch das Feuer vollständig zerstört wurden, so die Polizei. Die Feuerwehr hat danebenliegende Garagen geöffnet, um ein Übergreifen der Flammen zu verhindern. Verletzt wurde niemand. Die Brandursache ist bislang unklar. Die Polizei ermittelt jedoch nach eigener Aussage wegen des Verdachts der Brandstiftung.",Vermischtes,0.33892077
af64c20d-7d4c-484a-9e82-48ee86baf7d7,Recyceltes Polyester - mehr Schein als Sein?,"Recyceltes Polyester wird oft als ökologische Alternative angepriesen: Es soll die positiven Eigenschaften von Polyester mitbringen und trotzdem gut für die Umwelt sein. Doch beim Waschen setzt es offenbar Mikroplastik frei.

Von Katha Jansen, SWR

Es klingt nach einem guten Deal für Umwelt und Klima: Recyclingpolyester. Eine scheinbar deutlich grünere Alternative zur neuproduzierten Plastik-Kunstfaser auf Erdölbasis. Doch der Mikroplastikforscher Sedat Gündogdu von der Sabancı University Istanbul kommt in seinen Untersuchungen zu einem anderen Schluss. ""Recycling vermindert die Qualität der Materialien, und dadurch wird mehr Mikroplastik freigesetzt als bei Neustoffen.""

Gündogdu hat für eine aktuelle Studie im Auftrag der Changing Markets Foundation mit seinem Team Klamotten bekannter Fast-Fashion-Marken gekauft, gewaschen und den Mikroplastikausstoß verglichen. Ergebnis: Kleidungsstücke mit Recyclingpolyester gaben 55 Prozent mehr Mikroplastik ab als Stoffe mit neuem Polyester. Auch waren die freigesetzten Partikel deutlich kleiner.

Mikroplastik kommt bis ins Meer

Über unser Waschwasser gelangt das Mikroplastik in die Flüsse und schließlich bis ins Meer. Und das trotz Kläranla",Vermischtes,0.28716362
8e5bb692-a08a-4b0e-8b40-19a4b77a5413,Sinkende Container-Preise belasten Reedereien,"Ab Mitte Februar wollen der dänische Reederei-Konzern Maersk und Hapag-Lloyd aus Hamburg wieder durch das Rote Meer fahren. Die gute Nachricht könnte am Ende für einen Gewinnrückgang sorgen.

Das Rote Meer ist eine der wichtigsten Schifffahrtsrouten der Welt, sie verbindet Indien und den Mittleren Osten mit dem Mittelmeer. Doch zuletzt ruhte der Schiffsverkehr dort weitgehend. Wegen Angriffe der im Jemen ansässigen Huthi-Miliz nahmen große Reedereien einen Umweg um die Südspitze Afrikas. Das dauert zwar länger und ist teurer - doch Reedereien wie Moeller-Maersk konnten davon profitieren. Sie verlangten für die Strecke höhere Frachtraten, also höhere Preise pro Container. Zugleich standen insgesamt weniger Schiffe zur Verfügung; dies ließ die Frachtraten zusätzlich steigen.

Zuletzt hat sich die Lage im Roten Meer aber wieder entspannt: Angriffe der Huthi-Miliz auf Schiffe, die durch Straße von Bab el-Mandeb fahren - sie verbindet das Rote Meer mit dem Golf von Aden - haben nachgelassen. Deshalb hat die dänische Reederei Maersk bereits im Dezember und Januar erste erfolgreiche Testfahrten durch die Region unternommen. Ab Mitte Februar will sie wieder regelmäßig durch das Rote Meer f",Vermischtes,0.31220043
e18ef96c-d359-4c90-a073-a6ecf80c20a4,"Patienten zum ""Hitlergruß"" aufgefordert? Staatsschutz ermittelt","Im Landkreis Schaumburg ermittelt die Polizei gegen einen Rettungssanitäter. Der 53-jährige soll einen Patienten dazu aufgefordert haben, den ""Deutschen Gruß"" - auch bekannt als ""Hitlergruß"" - zu zeigen.

Wie eine Polizei-Sprecherin dem NDR Niedersachsen mitteilte, soll der Vorfall im Oktober in der Samtgemeinde Nenndorf bei einer Untersuchung im Rettungswagen passiert sein. Ein Sanitäter des Deutschen Roten Kreuzes wollte demnach bei einem Patienten mit medizinischem Notfall den Blutdruck messen. Um an seinen Arm zu kommen, soll der Sanitäter den Mann dann aufgefordert haben, den rechten Arm für den verfassungswidrigen Gruß zu heben. In dem Fall ermittelt nun der Staatsschutz.

Deutsches Rotes Kreuz distanziert sich von Vorfall

Laut Polizei ist es bislang das erste Mal, dass es so einen Vorfall im Landkreis Schaumburg gegeben hat. Ob es eine Dunkelziffer gebe, sei nicht bekannt. Das Deutsche Rote Kreuz distanziert sich von dem Vorfall. Extremistisches, diskriminierendes oder menschenverachtendes Verhalten widerspreche den Grundsätzen, heißt es in einer Stellungnahme. Derzeit werde die betreffende Person offenbar nicht mehr im Rettungsdienst eingesetzt. Zuerst hatten die ""Schaumbu",Infrastruktur,0.52023834
e391da1b-c08c-4f64-87b3-82c41c3f638d,Böllerverbot: Aus für privates Feuerwerk an Rostocks Stränden,"Alle Strandabschnitte gelten fortan als Ruhezonen, auch an Silvester. Das hat die Rostocker Bürgerschaft beschlossen.

Die Strände in Rostock sollen zum nächsten Jahreswechsel feuerwerksfrei sein. Das hat die Rostocker Bürgerschaft am Mittwochnachmittag beschlossen. Konkret gefordert wurden sogenannte Schutz- und Ruhezonen sowohl im Stadtgebiet als auch am Strand. Der Antrag kam von der Fraktion Grüne/Volt. Angenommen wurde allerdings erst einmal nur, dass alle Strandbereiche von Warnemünde bis Markgrafenheide an Silvester zur Ruhezone werden. Ob in den Stadtteilen auch Zonen entstehen, in denen Feuerwerke verboten werden, soll mit den Ortsbeiräten abgestimmt und nur auf deren ausdrücklichen Wunsch entschieden werden. Kritisiert wurde an den Verbotszonen, dass es schwierig werden könnte, die Durchsetzung der neuen Regeln zu kontrollieren. Vom Verbot ausgenommen sind die jedoch die Feuerwerke, die Hotels und Gastronomen zu Silvester in Warnemünde veranstalten.",Vermischtes,0.2770133
tagesschau_fm-story-WDR-e751eb6f-01cc-4be9-a069-ebca2c6de3d2,Geldautomat in Witten gesprengt: Fahndung läuft,"Explosion in Witten: Unbekannte haben in der Nacht auf Donnerstag einen Geldautomaten gesprengt. Die Täter sind auf der Flucht.

Anwohner hatten eine laute Explosion in der Bankfiliale gehört und die Polizei alarmiert. Die Beamten leiteten sofort eine großangelegte Fahndung ein, bei der auch ein Hubschrauber eingesetzt wurde. Von den Tätern fehlt aber jede Spur.

Ob sie tatsächlich Bargeld erbeuten konnten, ist bislang unklar.

Gebäude bleibt bewohnbar

Nach Angaben der Polizei ist das betroffene Gebäude weiterhin nutz- und bewohnbar. Ein Statiker überprüfte die Schäden vor Ort.

Unsere Quelle:

Polizeipräsidium Dortmund, Pressestelle Deutsche Presse-Agentur GmbH

Sendung: WDR 2, Lokalzeit Ruhrgebiet, 15.01.2025, 9:31 Uhr",Vermischtes,0.33098137
699c9435-b92a-4523-9bb4-3de80038e25f,Übersehen wegen Scheibenwischern: Auffahrunfall auf A19,"Laut Polizei hatte ein Fahrer das Auto vor ihm übersehen. Nach dem Unfall musste die Autobahn vollgesperrt werden.

Auf der A19 bei Glasewitz hat sich ein Autofahrer offenbar selbst die Sicht erschwert und dadurch einen Auffahrunfall verursacht. Nach ersten Erkenntnissen der Polizei soll der 53-Jährige während der Fahrt auf der rechten Spur seine Scheibenwischanlage bedient und dabei ein Auto vor ihm übersehen haben. In Fahrtrichtung Berlin kam es zum Zusammenstoß. Das vorausfahrende Fahrzeug schleuderte erst auf den Standstreifen und dann in die Mittelschutzplanke, ein 25-jähriger Mitfahrer verletzte sich dabei leicht. Der mutmaßliche Unfallverursacher und ein siebenjähriges Kind in seinem Auto mussten ebenfalls mit leichten Verletzungen behandelt werden. Der enstandene Sachschaden wird auf etwa 17.000 Euro geschätzt, beide Fahrzeuge mussten abgeschleppt werden. Die A19 war nach dem Unfall für rund zwei Stunden voll gesperrt.",Infrastruktur,0.38797602
88393e6c-3307-48d0-a98a-ca63ec8f62e6,Miniaturstadt Bützow: Reparaturen nach Vandalismus dauern an,"Unbekannte hatten im April 17 Modellhäuser beschädigt. Die Reparaturarbeiten laufen noch.

An den meisten Häusern seien die Reparaturen weitgehend abgeschlossen, erklärt Fördervereins-Vorsitzende Birgit Czarschka. Seit einem Dreivierteljahr arbeiten die Ehrenamtler daran. Mithilfe eines 3D-Druckers wurden Ersatzteile hergestellt. Besonders ärgerlich ist, dass nicht nur die beschädigten Fenster ausgetauscht werden mussten, sondern auch die eigentlich intakten an den betroffenen Häusern. Denn der Unterschied sei sonst zu deutlich erkennbar. Die Reparatur der Stiftskirche können die Helfer allerdings nicht allein stemmen, dafür wären die verzierten Fenster zu aufwendig. Eine Glaserei aus Sternberg befasst sich nun damit. Nur dank zahlreicher Spenden fassungsloser Bützower und Besucher sind die kostspieligen Reparaturen überhaupt möglich.

Videoüberwachung soll installiert werden

Täter wurden noch nicht gefasst, trotzdem sei der Fall inzwischen von der Polizei an die Staatsanwaltschaft übergeben worden, heißt es aus der Polizeiinspektion Güstrow. Damit Derartiges nicht erneut passiert, will der Förderverein eine Videoüberwachung im Bereich der Miniaturstadt installieren. Für einen erf",Vermischtes,0.28515917
81a6b163-dd50-42bb-ab41-2c834d807f8e,Königin Silvia aus Schweden kommt nach Flensburg,"Anfang Februar besucht sie zwei Einrichtungen, die mit ihr in Verbindung stehen.

Die schwedische Königin Silvia besucht am 5. und 6. Februar zwei Einrichtungen in Flensburg. Am Donnerstag wird sie in der ""Station Silvia"" des St.-Franziskus-Hospitals erwartet, die seit elf Jahren ihren Namen trägt, wie das Malteser-Klinikum mitteilt. Auf der Station werden Patientinnen und Patienten behandelt, bei denen eine akute Erkrankung zusätzlich zur bereits bestehenden Demenz einen stationären Aufenthalt erfordert.

Besuch im Malteser-Klinikum und einem Childhood-Haus

Am Freitag besucht Königin Silvia erstmals persönlich das Childhood-Haus von Pro Familia, eine Anlaufstelle für Kinder und Jugendliche, die körperliche oder sexuelle Gewalt erlebt haben. Hinter der Einrichtung im Marienhölzungsweg steht die World Childhood Foundation, die von Silvia gegründet wurde.

NDR.de | Regional-Update aus dem Studio Flensburg | 29.01.2026 | 12:43 Uhr",Vermischtes,0.2813421
c9f5ddca-1844-4607-9520-a33fe62c4caa,Niedrigwasser sorgt für eingeschränkten Fährverkehr,"Besonders betroffen ist die Verbindung zwischen dem Festland sowie Föhr und Amrum.

Auf der Föhr-Amrum-Linie (Kreis Nordfriesland) kommt es an diesem Wochenende wegen Niedrigwassers zu Änderungen in den Fährfahrplänen. Wie die Wyker Dampfschiffsreederei (W.D.R.) mitteilt, sei anhaltender Ostwind der Grund für den deutlich gesunkenen Wasserstand an der Westküste. Er drücke das Wasser aus den Häfen.

Ausfälle und Verschiebungen im Fährverkehr

Bereits am Freitagmorgen kam es zu Ausfällen und Verschiebungen auf der Föhr-Amrum-Linie. Für Sonnabend kündigte die W.D.R. weitere Verzögerungen von bis zu einer Stunde an. Betroffen sind Abfahrten ab Föhr, Dagebüll und Amrum (alle Kreis Nordfriesland). Fahrgäste mit ausfallenden Verbindungen sollen selbstständig umbuchen. Weitere Änderungen je nach Wetterlage sind möglich.",Umwelt,0.35556746
1a7ac075-ad4d-4b52-a4d8-c6c7991e4554,Neuer Sicherheitsberater für Senioren,"Ältere Menschen im Kreis Vorpommern-Greifswald können sich beim neuen Seniorensicherheitsberater ab sofort Rat holen.

Der Landkreis Vorpommern-Greifswald hat einen neuen Sicherheitsberater für ältere Menschen. Das teilte ein Kreissprecher mit. Der ehemalige Polizeibeamte Bernd Kundt wird ab sofort Seniorinnen und Senioren beraten, wie sie beispielsweise Telefonbetrug erkennen können. Erst am vergangenen Freitag hatte eine 88-jährige Frau in Torgelow (Landkreis Vorpommern-Greifswald) 15.000 Euro und Wertgegenstände verloren. Sie hatte an ihrer Wohnungstür Geld und Gegenstände in gutem Glauben an einen Betrüger übergeben. Beratungstermine mit dem neuen Seniorensicherheitsberater können bei der Kreisverwaltung vereinbart werden.",Politik,0.36271155
